Order_ID,Product_ID,Quantity,Supplier_ID,UnitPrice
1,577,3,190,57.46
1,17,5,81,351.25
1,84,1,42,176.62
1,593,1,198,418.27
1,608,4,29,174.54
1,705,7,186,471.2
1,332,1,16,349.35
2,152,1,74,136.23
3,636,1,98,238.48
3,40,9,182,484.62
3,141,8,126,227.98
3,426,8,167,476.38
3,687,5,48,298.51
3,486,3,120,125.39
4,52,5,7,272.33
4,599,2,75,227.46
4,222,6,176,266.57
4,323,1,110,156.69
4,222,6,178,400.95
4,67,3,111,224.51
4,737,3,129,366.08
4,541,7,11,178.49
5,597,5,190,398.64
5,6,8,22,90.32
5,100,7,118,182.65
5,338,8,11,172.28
5,257,3,6,80.36
5,585,3,163,81.05
6,142,7,62,65.14
6,175,9,44,378.57
7,96,4,192,298.61
7,537,6,123,232.81
7,631,2,53,489.62
7,203,6,193,298.57
7,36,6,11,258.16
7,529,7,194,380.53
7,633,8,107,491.68
7,410,8,188,115.25
8,411,9,127,196.63
8,448,9,133,382.24
8,695,6,127,296.7
8,44,3,7,174.9
8,249,7,27,93.84
9,641,6,156,470.73
9,488,5,102,389.61
9,683,1,162,408.5
9,527,2,150,157.06
9,437,1,6,460.87
9,609,6,72,284.14
10,436,2,67,426.46
10,743,2,168,98.94
10,142,5,60,268.04
10,311,8,176,396.56
10,296,2,168,232.23
10,581,8,179,89.94
10,700,2,38,223.88
11,160,6,80,252.94
11,557,5,186,363.07
11,343,4,78,137.76
11,361,3,4,336.46
11,152,9,38,269.34
11,347,8,74,122.56
11,269,8,161,99.98
11,347,3,84,210.35
11,118,4,139,166.43
11,294,5,198,240.61
12,712,5,188,299.36
12,28,1,27,187.68
12,118,2,2,249.18
12,124,5,74,378.69
12,450,3,40,320.37
12,632,5,12,389.03
13,644,7,109,313.43
13,83,5,145,171.12
13,60,1,94,96.9
13,417,1,86,371.15
13,397,9,59,476.77
13,113,6,151,326.41
13,254,2,16,420.5
13,630,6,75,394.62
13,285,4,24,186.66
14,728,3,141,210.79
14,329,9,132,167.33
14,385,4,40,292.09
14,369,3,133,163.8
14,748,9,73,220.88
15,72,5,122,193.43
15,213,7,129,262.32
15,541,3,33,468.25
15,577,2,158,405.32
15,320,4,156,361.16
15,99,7,145,126.8
15,320,7,183,458.63
16,357,8,104,112.75
16,34,7,64,52.35
16,502,6,163,295.5
16,37,5,63,290.05
16,407,2,94,383.87
17,450,7,186,215.86
17,220,9,14,84.41
17,693,2,186,275.76
17,285,6,43,416.23
17,441,8,170,58.27
18,496,9,13,235.52
18,56,5,16,144.22
18,578,8,194,69.08
19,711,9,167,228.89
20,246,1,94,268.76
20,501,7,151,362.08
21,326,9,59,268.68
21,326,1,139,240.08
22,354,8,119,313.14
22,715,4,26,144.69
22,38,7,141,465.32
22,351,3,1,470.01
22,73,8,49,264.22
22,590,8,7,490.25
22,154,7,15,447.34
22,412,6,192,278.12
22,329,7,94,74.32
23,246,9,117,243.06
23,706,2,50,82.93
23,275,7,2,258.1
23,410,9,116,463.03
23,490,5,91,438.04
23,374,9,153,419.39
24,621,8,168,137.35
24,251,1,147,199.97
25,289,9,160,101.32
25,731,8,92,138.03
25,501,4,33,104.19
25,532,9,198,321.58
25,447,4,129,434.96
26,376,6,95,303.9
26,736,4,134,272.97
26,483,6,193,157.03
26,724,9,111,201.4
27,225,2,22,247.38
27,646,3,125,128.12
28,469,4,18,290.41
28,227,3,6,387.16
28,155,5,19,215.83
28,749,2,73,137.16
28,411,8,85,210.28
28,735,3,37,211.38
29,331,1,60,219.24
29,276,5,25,148.3
29,204,5,77,253.99
29,514,9,8,418.68
29,109,1,54,156.76
29,597,2,102,491.59
30,369,9,166,468.22
30,78,5,16,117.69
30,114,3,92,178.47
30,409,3,76,433.74
30,64,5,1,185.07
30,34,4,130,295.64
31,234,5,110,342.22
31,138,4,89,146.93
31,335,6,29,171.04
31,361,5,90,396.98
31,623,9,69,278.31
31,382,8,168,56.51
32,330,6,160,404.39
33,424,9,194,79.94
33,44,1,23,343.78
33,520,7,3,203.69
33,680,7,170,75.13
33,266,3,51,208.17
33,411,5,97,214.16
33,57,6,157,287.56
34,133,8,11,429.91
34,279,6,70,453.64
34,378,7,18,211.98
34,698,1,162,252.32
34,591,5,151,59.65
34,554,2,20,292.22
34,725,7,103,432.27
34,138,3,127,195.17
34,531,4,100,262.57
34,227,5,192,293.36
35,248,1,26,308.9
35,164,8,20,167.01
35,328,4,27,327.15
35,738,6,97,463.52
35,675,3,5,166.84
35,266,2,172,152.63
35,703,6,131,346.34
35,18,2,122,350.03
35,153,3,16,222.01
35,597,7,53,492.38
36,395,2,18,217.98
36,11,3,77,165.52
36,493,1,174,110.69
36,661,6,187,218.83
36,197,2,138,412.98
36,648,6,185,211.76
36,79,7,142,208.85
36,91,9,154,137.99
37,117,9,70,116.73
37,38,2,149,239.05
37,708,2,36,336.87
37,437,7,60,429.3
37,416,6,105,69.63
38,427,9,137,60.88
38,641,7,71,307.87
39,620,6,155,334.01
39,360,4,67,204.33
39,358,3,118,193.73
39,522,5,12,262.61
39,35,3,62,357.14
39,650,5,162,51.9
39,655,7,27,383.55
39,82,8,74,70.88
40,642,9,189,150.35
40,715,3,195,393.64
40,471,5,161,333.02
40,735,9,17,66.4
41,223,1,153,201.7
41,533,3,87,332.36
42,646,3,155,412.13
42,643,4,10,160.91
42,517,4,191,316.64
42,179,5,135,309.95
42,348,2,15,176.82
42,552,3,47,195.42
42,441,7,137,222.35
43,66,9,82,468.4
43,1,8,125,54.05
43,153,3,191,460.73
44,743,4,199,163.82
44,82,1,162,283.11
44,408,8,5,112.6
44,429,4,66,318.59
44,654,8,162,235.84
44,192,3,130,450.37
45,200,1,42,106.09
45,457,9,3,231.72
45,128,6,22,124.03
45,236,7,18,141.24
45,266,8,129,87.31
45,298,2,97,121.73
45,549,7,52,117.81
45,654,7,71,473.04
45,222,1,167,367.65
46,659,5,118,210.44
46,748,6,178,111.46
46,159,9,127,432.52
46,653,3,171,226.01
47,585,6,66,498.36
47,733,7,28,104.51
47,664,1,25,384.19
47,97,1,189,255.92
48,705,4,186,235.93
48,362,4,49,407.31
48,134,7,49,100.02
48,372,6,107,73.36
48,213,3,13,219.34
48,146,3,188,284.21
48,546,6,132,493.5
49,222,4,89,440.97
49,414,4,107,246.56
49,35,7,40,50.3
49,571,1,99,300.36
49,650,6,79,363.7
49,537,5,45,412.86
50,170,1,179,317.84
50,454,2,188,285.6
50,329,8,45,314.07
50,465,5,134,383.61
50,367,3,22,241.12
51,467,5,11,350.54
51,285,6,195,290.65
51,748,2,155,153.91
51,12,4,24,285.65
51,594,9,200,176.78
51,628,5,45,439.61
51,478,1,182,436.86
51,291,5,49,221.1
52,339,5,25,89.68
53,233,9,19,366.93
53,503,7,34,93.2
53,369,3,182,327.82
54,255,8,61,323.8
54,443,5,186,346.8
54,231,6,62,278.61
55,452,3,140,122.23
56,488,5,143,461.6
56,468,7,10,188.97
57,379,5,64,484.95
57,134,4,196,433.74
57,53,5,152,121.36
57,32,1,183,80.69
57,129,8,38,452.62
57,19,3,110,232.79
57,151,6,8,138.43
57,320,7,179,375.94
57,354,8,100,293.81
58,573,1,72,395.49
58,362,4,29,291.87
58,544,3,82,130.43
58,394,5,118,83.39
58,463,7,66,390.41
58,665,5,94,129.08
58,665,8,169,70.38
58,29,1,193,372.6
59,622,5,26,204.07
59,451,3,109,400.35
60,108,3,145,416.8
60,73,5,49,264.38
60,110,4,52,169.13
60,606,2,97,102.08
60,462,4,8,330.71
60,152,3,133,156.28
60,550,4,56,188.69
60,49,2,7,207.66
60,198,1,85,457.47
61,450,3,69,157.7
61,74,4,110,431.27
61,523,7,176,144.74
61,219,3,60,104.81
61,673,7,20,186.01
61,462,9,56,403.77
61,332,5,22,206.95
61,710,6,99,178.44
61,346,8,102,135.94
61,124,8,7,476.13
62,443,6,143,107.68
62,644,1,159,159.08
62,302,9,121,184.89
62,150,4,131,309.88
62,300,7,132,226.41
62,676,1,133,449.86
62,123,4,82,364.81
62,556,9,80,51.46
62,561,3,1,425.97
62,535,7,70,243.62
63,561,5,123,402.62
64,556,2,54,228.03
64,36,4,125,327.32
64,418,5,61,426.22
64,130,4,200,451.13
64,7,3,23,274.46
65,577,7,130,153.74
65,242,5,124,80.31
65,62,9,75,431.77
65,57,9,183,110.41
65,444,4,155,136.16
65,182,6,161,249.68
65,582,3,3,61.21
66,727,6,85,362.57
66,4,6,12,128.78
66,734,7,16,407.33
66,661,2,105,438.15
66,186,2,171,302.11
66,684,3,80,388.95
66,593,6,136,119.55
66,510,3,11,362.61
67,156,4,149,243.63
67,268,5,89,280.59
67,52,8,49,396.22
67,629,6,176,386.01
67,377,7,128,396.46
67,522,1,11,329.69
67,58,5,95,170.04
67,472,1,138,284.33
67,549,8,150,486.63
68,373,8,75,163.82
68,412,8,70,341.75
68,459,1,184,80.5
68,134,3,149,304.51
68,530,9,27,164.3
69,654,7,60,137.1
69,388,1,110,265.01
69,387,9,150,427.63
69,511,7,137,117.44
69,591,2,167,109.88
69,211,8,42,185.6
69,683,5,39,160.78
70,623,6,129,112.09
70,621,9,76,59.04
70,111,6,81,316.95
70,743,4,107,314.51
70,498,7,152,298.68
70,684,5,79,225.43
70,477,8,75,267.87
70,401,1,17,287.02
70,178,1,108,107.52
70,160,3,113,222.13
71,100,2,110,182.41
71,728,3,19,447.22
71,703,4,198,280.78
71,479,8,147,81.3
71,8,1,169,459.9
71,2,5,81,253.36
71,485,3,142,300.12
71,248,9,9,55.89
71,544,7,181,256.97
72,498,6,37,96.69
72,589,9,20,309.17
72,364,8,131,126.25
72,550,8,31,275.94
72,138,5,153,465.35
72,503,2,184,195.17
72,254,8,121,214.82
72,374,6,54,324.69
72,397,2,195,444.67
72,19,5,17,195.82
73,438,9,70,249.59
73,120,6,161,112.79
73,605,8,79,55.31
73,164,5,200,248.38
73,26,7,78,158.65
73,386,7,61,184.25
74,214,6,92,245.28
74,353,7,106,126.3
74,395,6,46,427.64
75,611,1,56,370.21
75,401,1,18,86.13
75,517,9,62,64.2
75,223,7,182,161.63
75,316,1,70,160.03
75,72,5,43,411.18
75,661,3,9,334.11
75,648,5,167,261.55
75,231,7,188,100.64
76,599,2,52,417.16
76,435,9,67,133.64
76,412,4,139,112.22
76,567,9,75,397.48
76,597,5,126,252.31
76,372,2,163,209.18
76,470,2,38,259.37
76,57,3,18,335.96
76,73,7,22,71.59
76,318,3,95,132.75
77,578,1,125,386.93
77,600,5,141,353.88
77,652,3,32,339.16
77,649,8,59,179.82
77,303,6,127,201.3
77,277,5,6,346.03
77,4,4,67,183.08
77,1,7,163,70.75
77,161,6,28,467.59
78,655,6,180,129.21
79,587,6,133,83.59
79,218,6,51,433.35
79,693,7,46,332.98
79,354,2,3,296.0
79,126,4,181,487.64
79,296,4,100,140.27
79,252,9,56,230.36
79,391,1,127,278.6
79,437,6,97,127.32
80,604,4,77,210.92
80,326,7,171,91.2
80,408,8,83,166.97
80,301,6,48,490.15
80,521,5,52,290.3
80,641,3,57,127.12
80,110,9,127,248.36
81,190,4,175,277.02
81,137,9,166,197.71
81,473,1,167,144.31
81,735,5,16,486.39
81,455,1,34,125.94
81,731,3,199,152.99
81,286,9,115,426.31
81,102,9,193,385.02
81,112,4,184,406.52
81,48,2,98,392.21
82,25,3,158,111.62
82,458,3,166,447.45
83,304,1,176,488.32
83,544,5,149,335.25
83,677,9,186,284.53
83,259,4,168,463.94
83,719,2,170,417.02
84,258,6,84,121.93
84,135,9,155,316.29
84,688,2,79,249.87
84,141,1,79,341.15
84,348,8,153,144.53
84,574,7,65,161.67
85,388,3,188,111.99
85,2,1,135,386.94
85,193,9,5,276.8
86,418,7,178,199.09
86,408,6,90,179.96
86,560,1,29,50.85
86,405,3,164,328.13
86,86,7,45,77.54
86,393,7,65,252.69
86,609,1,26,465.08
86,323,5,8,154.15
86,463,7,158,203.22
87,371,1,156,457.9
87,607,8,124,118.71
87,266,7,8,140.5
87,510,8,135,307.44
87,640,7,188,428.59
87,319,1,97,162.76
87,261,9,33,213.5
87,464,5,52,239.37
88,454,2,52,163.04
89,405,5,98,111.02
89,585,4,115,154.99
89,40,9,52,402.09
90,498,8,160,312.11
90,583,7,141,355.97
90,656,3,154,261.96
90,731,5,104,324.53
90,615,4,117,254.28
90,99,1,109,395.75
90,678,7,183,355.68
90,110,5,85,150.49
90,185,6,136,80.06
91,281,6,100,197.47
92,80,6,188,81.24
92,303,7,182,465.18
92,502,9,99,139.45
92,502,1,66,210.08
93,497,7,76,221.36
93,588,8,45,358.79
93,62,9,136,115.25
94,46,8,42,355.16
94,352,5,48,222.18
94,499,9,48,53.6
94,274,2,79,65.26
94,612,9,4,273.72
94,553,8,118,214.88
95,79,3,11,173.75
95,562,1,75,154.97
95,585,7,155,72.87
95,483,7,128,330.88
96,616,8,102,269.66
96,705,5,57,463.94
96,482,7,169,145.44
96,390,1,171,298.35
96,411,5,66,298.65
96,509,1,178,433.82
97,310,1,96,291.63
97,307,5,50,459.16
97,402,1,114,261.24
97,162,2,9,232.99
97,109,2,105,353.98
97,97,4,104,461.66
97,84,8,187,249.39
97,462,8,39,191.85
98,51,5,152,179.29
98,613,6,181,224.11
98,54,6,175,245.56
98,132,5,48,478.04
98,698,6,111,123.87
98,475,5,24,120.23
99,334,7,168,381.9
99,304,7,34,355.55
100,360,1,58,92.99
100,630,6,46,101.21
101,698,8,162,145.16
101,351,4,84,333.07
101,20,2,40,173.86
101,6,4,69,276.81
101,626,1,150,379.63
101,169,8,36,470.18
102,642,6,127,74.18
102,74,5,121,136.32
102,356,5,146,454.98
102,466,9,177,353.37
102,412,3,80,424.31
102,745,7,128,389.28
102,320,4,144,287.89
103,433,1,160,117.66
103,658,9,15,402.91
103,318,3,55,412.38
103,325,9,19,160.43
103,745,9,3,277.57
104,484,3,177,252.45
104,359,3,129,236.36
105,55,9,91,88.57
105,50,3,75,222.33
105,636,9,122,335.99
105,333,8,142,74.46
105,646,2,139,77.28
105,682,1,105,155.92
105,259,3,103,188.35
105,253,6,89,236.51
105,585,3,56,69.8
106,267,7,33,199.49
106,120,4,155,80.34
106,216,8,186,119.59
106,249,3,183,129.42
106,543,4,99,227.07
107,167,3,75,138.31
107,544,8,103,375.68
107,634,3,123,481.24
107,205,7,111,91.84
107,699,1,78,64.59
107,398,9,137,200.87
108,363,1,155,436.98
108,549,2,53,429.87
108,141,7,173,175.35
108,242,3,76,288.3
109,26,9,142,276.17
109,43,8,170,101.49
110,592,7,149,133.29
110,654,5,173,364.28
110,20,4,62,466.39
110,207,6,196,333.89
111,142,2,134,163.27
111,490,8,158,476.48
112,111,6,6,117.01
112,680,4,71,351.82
112,305,1,16,92.88
112,471,9,8,114.06
112,319,9,132,407.98
112,672,2,141,99.02
112,585,5,71,53.83
112,355,6,54,391.28
113,203,6,152,281.32
113,164,3,141,251.28
113,531,3,16,236.03
113,204,8,109,180.78
113,427,3,116,461.71
113,77,8,59,140.61
113,166,5,24,468.72
114,616,5,157,375.09
115,7,5,52,114.0
115,502,9,108,269.3
115,43,9,128,309.35
115,530,7,137,280.76
116,11,7,177,498.15
116,732,2,17,81.88
117,472,8,129,73.54
117,11,1,138,164.63
117,565,5,131,126.5
117,70,7,69,476.6
117,20,5,21,436.87
117,160,2,185,471.39
118,478,8,11,146.84
118,55,4,11,220.88
118,296,5,12,200.98
119,745,7,35,87.17
119,611,3,57,141.23
119,84,9,99,119.56
119,686,6,99,402.5
119,492,5,43,493.06
119,398,1,6,135.51
119,113,2,102,380.51
119,657,8,99,95.01
119,648,6,65,89.69
120,727,4,94,293.12
120,37,1,44,88.58
120,343,8,58,52.8
120,353,2,88,254.34
120,700,1,118,452.5
120,329,1,98,456.47
120,407,9,9,309.99
120,372,5,188,140.47
120,650,4,110,297.6
121,619,7,24,126.7
121,421,9,158,92.81
121,383,6,176,314.91
122,7,2,71,382.52
122,525,3,66,295.88
122,430,4,44,356.93
122,3,2,143,106.22
122,92,1,162,421.6
122,48,5,112,98.49
122,187,3,151,437.53
123,269,4,57,167.95
123,629,1,48,290.46
123,293,4,102,184.92
123,54,2,60,486.38
123,373,5,134,92.68
124,301,3,7,221.06
124,405,5,174,138.94
124,26,3,165,244.81
124,183,5,62,400.05
125,296,5,64,325.69
125,656,4,190,190.73
125,18,5,137,191.02
125,428,4,164,197.39
125,673,5,116,328.01
125,638,3,127,389.65
125,549,2,2,380.27
125,234,5,23,111.65
126,451,9,15,227.86
126,30,5,61,315.43
126,101,9,103,327.06
126,582,1,155,172.07
126,158,4,3,222.87
127,156,4,148,298.21
127,277,6,183,295.44
127,44,7,50,494.71
127,483,9,19,451.41
127,415,1,178,98.21
127,583,2,45,341.31
128,252,9,165,116.34
128,331,8,80,459.42
128,589,9,51,467.94
128,737,4,177,293.04
128,402,4,157,401.44
128,96,8,49,298.72
128,734,6,131,320.0
128,717,2,173,88.51
129,247,1,108,398.09
129,631,9,64,467.28
129,62,6,132,223.33
129,636,6,180,158.64
129,395,9,53,338.84
129,170,4,190,444.08
129,169,3,176,466.58
130,467,8,151,464.45
130,75,4,15,213.13
130,485,5,83,265.88
130,188,9,120,51.5
130,177,8,148,360.22
130,736,4,84,332.02
130,332,4,63,454.36
130,416,6,43,241.33
131,733,3,171,160.63
131,105,4,79,435.0
131,368,5,29,241.82
131,374,2,62,102.98
131,148,8,156,357.45
131,744,9,120,199.48
132,227,7,105,358.68
132,648,4,141,294.56
132,360,6,171,146.09
132,727,1,161,434.49
132,55,6,39,359.8
132,713,1,140,165.88
133,265,4,100,181.88
133,553,6,123,138.23
133,209,3,45,74.36
133,613,6,161,370.79
133,263,2,15,359.54
133,361,6,70,206.71
133,124,6,95,361.58
133,382,6,100,379.79
133,141,9,165,448.57
133,377,4,35,122.9
134,7,2,73,453.87
134,497,2,150,166.37
134,657,6,150,312.02
134,193,8,86,84.21
134,391,1,151,397.29
134,712,7,121,343.94
134,496,5,136,313.86
134,698,2,96,453.79
134,254,3,169,141.19
135,212,3,144,456.31
135,405,2,104,54.95
135,253,9,92,252.77
135,447,1,30,435.06
135,465,4,138,325.73
135,185,1,75,381.75
135,445,6,70,143.58
135,225,4,23,326.13
135,450,7,108,193.12
135,97,9,194,266.99
136,247,8,130,124.23
136,519,1,13,70.58
136,608,1,81,316.26
136,710,1,32,73.94
136,602,3,36,229.51
136,213,9,161,125.35
137,86,4,176,496.68
138,547,4,189,90.26
138,95,9,83,233.99
138,293,3,64,413.12
138,342,2,12,397.78
138,22,8,76,137.23
138,389,4,183,420.78
139,583,3,169,483.9
139,361,9,36,402.09
139,414,2,195,454.23
139,305,9,90,447.73
139,90,6,144,104.38
139,84,3,33,306.76
139,692,9,11,251.4
140,352,1,69,429.59
140,538,2,191,463.96
140,676,5,14,220.19
140,614,3,22,60.49
140,94,3,39,64.09
140,512,9,199,365.46
140,473,1,4,314.39
141,311,4,116,208.01
141,643,9,194,351.91
141,721,1,175,385.49
142,13,7,143,214.01
142,503,2,117,141.09
142,538,2,18,223.88
142,197,1,105,168.34
142,430,5,60,357.69
142,50,2,4,300.67
142,492,2,144,350.55
143,219,6,121,212.9
143,154,5,169,201.98
143,517,4,88,52.99
143,650,4,94,296.8
144,119,5,175,459.52
144,72,3,185,118.78
144,447,7,195,494.86
144,598,4,31,104.59
144,486,8,164,427.44
144,706,7,175,239.02
144,484,1,150,149.81
145,592,4,105,436.3
146,685,3,200,443.99
147,592,2,50,249.33
147,101,4,120,372.58
147,384,7,184,401.17
147,335,7,34,255.19
147,322,1,133,342.16
147,61,4,194,300.28
147,550,6,35,104.58
147,99,3,112,181.37
147,43,4,37,311.11
148,412,4,63,337.7
148,395,8,82,321.9
148,711,9,29,182.86
148,495,9,148,347.34
149,252,9,66,309.06
150,234,6,159,176.91
151,583,3,106,312.82
152,485,4,156,282.11
152,253,5,200,149.6
152,241,1,200,253.26
153,628,4,56,88.48
154,178,3,171,72.6
154,346,9,180,407.78
154,555,1,8,72.99
154,409,7,12,185.47
154,342,2,176,355.25
154,275,9,97,125.51
155,521,3,133,177.13
155,516,1,43,247.95
155,269,9,64,452.2
155,531,3,54,284.2
155,120,8,35,89.78
155,221,8,156,373.8
155,631,9,29,256.52
155,192,7,121,371.3
155,741,5,109,326.71
156,701,9,102,468.21
156,202,6,64,447.27
156,297,7,146,329.43
157,363,2,11,422.55
157,427,9,158,243.34
157,290,7,187,465.69
157,624,1,91,354.63
157,597,9,87,488.11
157,346,2,129,123.92
157,512,5,48,189.65
158,362,3,9,265.57
158,669,3,121,383.25
159,645,1,59,64.87
159,177,2,179,308.46
160,365,7,39,140.04
160,146,2,20,491.73
161,171,8,59,59.05
161,509,4,13,459.83
161,366,2,75,384.61
161,538,5,112,270.94
161,688,1,25,466.33
161,54,7,60,290.5
162,457,7,97,58.16
163,278,3,116,218.1
163,15,8,157,486.33
163,500,3,194,108.03
163,380,8,97,201.25
163,38,5,195,478.31
163,403,6,124,265.02
164,591,6,80,445.74
164,417,6,118,174.8
164,528,7,34,366.37
164,87,6,17,133.58
164,532,1,90,322.65
164,415,4,95,137.48
164,202,5,93,210.49
164,192,6,92,328.37
164,712,9,102,311.18
165,468,5,160,389.84
165,231,2,134,338.68
165,186,8,37,313.27
165,356,7,110,357.8
165,344,6,64,385.56
165,129,7,75,356.44
165,573,4,155,240.09
165,149,5,42,213.56
165,482,1,75,358.95
165,278,4,101,313.56
166,23,4,176,67.95
166,453,3,98,244.22
166,211,2,25,110.07
167,292,7,171,461.22
167,253,2,72,324.82
167,482,4,72,169.89
167,11,4,105,165.77
167,294,4,125,71.05
167,88,4,137,184.38
167,414,4,177,467.27
167,585,1,85,427.03
167,59,2,6,144.85
167,454,2,58,309.63
168,721,6,27,209.75
168,740,4,132,232.17
168,275,9,37,155.63
168,117,5,126,276.23
168,358,1,151,67.02
168,233,9,143,456.86
168,76,2,53,418.5
168,90,2,129,377.73
169,565,6,79,234.5
169,204,2,187,179.24
169,486,6,102,294.07
169,215,5,123,99.17
169,498,9,64,302.02
169,372,7,92,474.59
169,37,6,9,346.59
169,543,2,92,381.46
169,148,6,199,279.62
169,7,2,76,294.65
170,83,9,188,302.59
170,74,2,195,398.5
170,294,2,76,92.34
170,227,4,144,387.31
170,689,2,108,377.72
171,157,5,194,177.69
171,655,2,63,325.82
171,500,7,157,432.19
171,276,1,146,173.68
171,718,4,169,442.31
172,557,2,157,298.6
172,299,1,86,456.0
172,117,3,137,420.57
172,203,2,142,375.54
172,118,3,125,401.76
172,297,7,59,115.88
172,255,5,104,104.76
172,623,8,18,441.17
172,89,3,16,321.42
172,470,1,95,296.84
173,554,4,15,85.69
173,400,4,118,448.52
173,5,9,109,138.25
174,247,9,76,234.39
174,199,1,182,269.92
174,687,7,175,88.44
174,322,2,88,467.4
174,399,3,22,411.99
174,70,2,142,470.68
174,705,9,162,350.5
174,148,9,100,380.27
174,347,7,134,73.88
175,97,7,147,211.12
175,613,7,164,302.23
175,267,9,41,433.1
175,126,6,176,429.61
175,457,4,30,178.48
175,151,8,51,352.01
175,732,6,27,59.04
175,698,1,186,391.29
175,635,6,63,225.22
175,177,4,195,394.65
176,517,8,150,447.03
176,323,9,186,476.83
176,402,9,50,183.83
176,70,7,19,477.17
176,327,3,35,127.01
177,29,6,98,463.92
177,719,1,3,289.67
177,86,1,186,54.0
177,496,7,100,458.91
177,501,7,107,251.71
177,182,5,169,199.1
177,45,2,160,442.65
177,246,7,11,190.4
177,285,2,14,242.51
177,422,1,129,214.36
178,678,7,193,413.11
178,290,6,67,283.87
179,178,9,11,290.7
180,223,8,45,446.21
180,167,1,196,228.27
180,415,7,11,113.31
180,659,6,23,302.36
180,542,6,46,483.45
180,494,8,63,213.1
180,446,3,8,368.85
180,293,1,6,157.92
180,367,7,3,106.51
181,402,5,95,493.46
181,728,8,25,206.67
181,33,1,178,121.26
182,623,1,46,138.59
182,255,8,103,253.83
182,737,9,15,227.62
182,593,9,16,228.37
182,572,4,61,330.71
183,545,2,158,332.85
183,640,3,53,303.02
183,58,1,53,241.59
183,54,7,47,350.69
183,109,6,188,185.83
183,446,9,58,340.73
183,70,4,14,437.63
183,443,6,119,499.31
184,90,3,50,162.38
184,436,3,122,258.44
184,675,6,75,50.77
185,686,8,35,126.29
185,269,1,114,241.79
185,51,3,128,337.6
185,653,5,18,390.09
186,282,2,22,62.53
186,432,3,132,54.1
186,13,6,82,383.94
186,317,7,129,190.38
186,354,2,61,177.19
187,495,1,160,454.43
187,237,3,80,213.33
188,665,1,194,194.07
189,345,7,30,162.05
189,336,6,1,157.14
189,223,2,116,352.34
189,2,9,116,118.86
189,131,6,131,490.66
189,14,4,91,476.43
189,647,9,197,351.96
189,520,3,153,195.36
189,520,3,117,488.52
189,127,3,122,227.6
190,474,2,126,297.19
190,135,3,151,154.5
190,60,8,14,324.08
190,233,6,53,246.05
190,669,3,123,256.81
190,594,4,52,449.13
190,195,6,43,120.82
191,584,1,84,356.75
191,66,7,166,388.34
192,68,2,16,53.41
192,490,9,190,353.3
193,100,6,115,348.45
193,412,7,79,51.91
193,515,5,155,51.92
193,303,1,55,438.91
193,489,5,78,248.39
194,687,4,128,129.63
194,235,6,75,352.35
195,404,6,6,269.94
195,705,1,40,291.16
195,289,6,159,333.25
195,337,4,52,222.58
195,211,4,72,88.6
195,397,1,165,273.52
195,30,2,131,136.95
195,738,2,65,356.32
195,122,6,154,60.87
195,286,3,19,270.84
196,74,7,32,70.26
196,303,7,5,120.79
196,163,1,138,144.53
196,589,4,161,162.33
196,321,9,133,141.63
197,388,9,149,474.1
198,709,3,162,348.09
199,253,7,173,436.85
200,361,7,52,461.33
200,384,7,96,133.04
200,174,7,45,376.4
200,249,4,73,82.88
201,560,5,49,373.8
201,162,1,93,372.1
202,38,1,59,283.27
203,17,4,43,140.79
203,97,1,188,357.06
204,586,5,6,254.4
204,727,1,184,158.11
204,565,6,179,273.28
204,388,5,74,283.91
204,497,8,4,368.72
204,90,2,22,227.6
205,378,8,100,256.71
205,744,4,183,173.43
205,448,7,11,230.88
206,329,9,80,452.84
206,343,3,108,119.63
206,66,6,117,311.34
206,287,4,60,229.6
206,49,5,115,392.5
207,308,4,114,334.44
207,184,8,59,414.14
207,699,3,104,272.74
207,594,9,23,162.77
207,354,4,98,128.05
207,163,1,12,407.81
207,93,4,94,403.38
207,687,9,105,381.32
208,498,1,40,101.94
208,386,5,150,103.18
208,600,3,61,425.58
208,41,7,74,181.05
208,136,8,179,151.31
208,75,4,67,252.85
208,43,4,92,462.3
209,149,3,173,203.86
209,724,2,70,478.91
209,570,4,165,75.1
209,658,6,50,231.77
210,346,3,99,450.61
210,159,4,139,350.21
210,551,9,109,417.02
210,16,1,199,365.87
211,388,5,63,461.67
212,84,3,97,338.4
212,279,1,97,293.69
212,107,7,70,122.97
213,423,6,19,80.19
213,231,6,70,202.01
213,128,1,87,177.47
214,368,1,38,435.51
214,460,1,127,496.67
214,456,7,122,225.9
215,314,5,195,60.85
215,159,2,178,237.5
215,694,1,166,406.8
215,206,3,62,437.71
216,507,5,156,204.76
216,708,2,63,77.45
216,668,5,196,74.41
217,680,1,91,157.75
217,205,6,40,166.83
217,21,5,89,365.28
217,279,1,82,184.94
217,384,4,140,57.99
218,249,9,81,477.69
218,320,4,58,396.46
218,28,3,163,84.97
218,474,2,2,474.15
218,547,2,107,242.63
219,379,2,174,219.37
219,256,8,158,306.85
219,175,4,82,107.95
219,176,6,117,200.01
219,409,1,24,319.74
219,11,1,8,461.33
219,501,6,168,180.46
220,224,5,81,122.94
220,29,6,111,242.54
221,208,9,3,152.87
221,654,3,144,248.19
221,535,2,24,195.12
222,664,7,122,230.84
222,454,9,135,474.89
222,219,5,75,359.32
223,379,4,115,195.28
223,53,2,97,216.03
223,686,3,152,116.67
223,714,7,163,235.36
224,463,5,85,473.29
224,193,7,3,171.51
224,598,2,51,365.06
224,246,8,24,283.63
224,369,3,195,320.79
224,464,1,175,355.96
224,640,8,39,204.95
224,78,7,28,412.41
224,555,4,175,319.24
224,423,9,52,401.76
225,479,3,122,290.07
225,374,2,145,489.19
225,568,6,55,213.48
225,311,5,17,223.5
225,651,2,83,294.62
225,713,9,158,327.87
225,88,3,98,494.57
226,558,3,23,361.19
226,724,1,13,129.65
226,519,3,186,61.05
226,12,3,148,198.01
226,197,8,86,451.55
226,606,5,73,247.07
226,343,9,173,111.12
226,166,5,102,473.04
227,570,9,32,435.97
227,420,2,76,400.96
227,449,9,176,324.09
228,525,1,187,159.76
228,633,2,134,155.35
228,581,1,128,337.89
228,69,2,110,431.0
228,206,2,150,496.32
228,628,5,198,264.43
228,182,4,34,480.71
228,628,6,66,371.96
228,416,1,76,302.3
228,255,4,84,302.04
229,391,2,86,382.81
229,309,1,100,92.28
229,318,5,12,62.91
229,405,6,18,324.23
229,406,6,53,261.43
229,303,3,132,305.91
229,651,7,116,100.49
229,411,1,42,360.1
230,44,9,71,490.01
230,575,8,45,413.87
230,327,1,113,86.51
230,108,8,85,143.13
231,245,5,88,217.83
231,269,1,1,109.01
231,310,7,92,270.15
231,150,9,81,362.13
231,669,3,183,488.58
231,447,7,98,417.71
231,146,8,31,68.68
232,35,3,2,142.5
232,361,1,9,497.93
232,328,1,179,197.93
232,658,9,86,344.0
232,694,3,126,68.07
232,687,8,88,460.77
233,525,9,95,73.45
233,525,4,20,429.96
233,360,2,99,433.43
233,262,8,20,320.62
233,237,7,84,381.03
233,297,1,14,494.4
233,398,5,70,303.58
233,287,2,169,128.52
234,144,5,87,205.71
234,720,8,110,157.75
234,409,6,19,430.92
235,709,4,120,67.38
235,156,9,183,363.34
235,677,5,36,363.54
235,273,8,95,304.42
235,542,3,35,311.27
235,113,2,179,86.37
236,187,6,100,490.21
236,619,4,15,233.55
236,371,1,49,137.35
236,100,9,179,345.72
236,504,8,108,243.02
237,492,7,21,320.62
237,665,6,54,498.45
237,238,5,191,228.42
237,589,9,130,458.2
237,709,8,41,308.17
237,505,8,69,359.2
238,521,5,140,133.92
238,123,6,96,70.73
238,735,6,38,74.55
239,131,5,77,483.46
239,402,1,141,346.69
240,241,9,80,112.86
240,425,7,156,167.97
240,642,3,81,397.8
240,331,9,161,390.39
240,250,9,140,468.92
240,626,7,32,216.64
240,508,3,18,368.8
240,700,3,16,226.83
240,215,3,51,480.74
241,215,4,187,189.43
241,697,3,176,275.54
241,180,2,155,225.9
241,416,2,4,217.29
241,725,4,119,165.75
242,579,3,3,420.99
242,600,4,149,402.54
242,678,6,36,58.29
242,601,6,102,462.01
242,412,7,179,272.0
242,541,4,77,258.06
242,603,8,2,395.54
242,283,1,76,283.32
243,699,1,196,318.63
243,166,9,86,339.66
243,24,3,21,175.26
243,625,1,109,485.63
243,638,8,2,83.82
243,495,5,187,444.12
244,569,3,32,95.79
244,262,8,72,382.87
244,581,7,167,202.16
244,487,1,8,213.25
244,646,6,58,429.21
244,199,2,69,113.9
245,356,5,93,471.25
245,285,6,37,364.76
245,153,5,162,410.59
245,421,2,161,324.18
245,407,5,178,442.55
245,470,7,45,162.94
245,189,7,70,372.05
245,39,7,103,498.25
246,142,6,95,197.91
246,583,7,78,373.06
246,571,1,186,113.72
246,348,5,185,392.17
246,157,3,92,112.87
246,250,4,7,349.67
246,663,2,177,143.31
246,442,7,119,113.0
247,633,7,173,129.62
247,76,1,19,135.53
247,347,3,87,310.51
247,333,7,71,361.92
247,353,7,181,490.43
247,264,9,98,470.97
247,588,3,64,422.88
247,624,7,143,62.43
247,157,3,172,201.77
247,130,6,128,348.22
248,369,8,91,387.84
248,439,6,91,395.19
248,707,1,21,50.97
248,500,4,186,182.34
248,282,3,84,490.61
248,497,5,137,443.81
248,175,3,125,51.25
248,284,1,10,335.01
249,479,8,41,227.96
250,542,1,72,476.43
251,641,8,6,412.62
251,83,3,98,464.25
251,16,8,82,491.76
251,383,5,192,487.79
251,185,1,173,111.93
251,395,9,78,251.09
251,672,8,114,50.38
251,632,5,177,307.28
252,289,7,121,461.27
252,119,7,165,345.09
252,399,4,96,334.12
252,78,8,160,181.73
253,192,2,104,195.09
253,183,8,74,335.58
253,499,7,172,286.68
253,675,5,126,378.71
253,157,2,12,280.99
253,693,5,112,322.18
253,100,4,117,483.95
253,227,4,83,362.05
254,364,8,112,378.64
254,454,2,174,369.45
254,242,6,14,148.47
254,314,6,73,296.18
255,299,9,82,72.54
255,237,6,20,101.39
255,312,7,98,391.34
255,126,3,68,433.21
255,101,3,24,385.46
255,395,1,161,187.26
256,306,5,59,404.38
256,313,1,138,401.25
256,688,5,17,405.55
256,578,4,122,396.41
256,526,4,163,214.51
256,443,5,1,336.86
256,287,3,14,210.04
257,42,7,84,191.21
257,182,3,175,478.31
257,473,5,11,464.29
257,612,6,131,265.78
257,265,9,49,452.46
257,502,4,151,188.94
258,366,7,21,275.93
258,670,7,84,365.57
258,260,8,50,65.46
258,582,1,25,81.67
258,312,6,64,456.18
258,177,5,66,344.23
258,744,6,109,181.25
258,503,9,5,109.86
258,130,6,142,384.16
258,687,6,8,136.41
259,385,8,144,327.5
259,196,3,40,117.97
259,328,5,109,389.97
259,486,1,193,98.53
259,49,3,181,484.46
260,669,4,13,272.47
260,116,8,161,348.36
260,293,4,75,198.75
260,680,7,187,403.01
260,168,4,17,61.21
260,383,7,148,464.71
260,176,4,87,186.82
260,136,3,14,127.67
260,644,6,60,163.99
261,543,7,45,141.78
261,45,5,169,306.61
261,516,5,14,139.88
261,17,8,49,307.66
262,324,9,94,381.79
262,47,1,137,462.03
262,190,7,69,451.13
262,377,4,163,433.56
262,416,3,183,199.87
262,502,9,152,345.67
262,315,8,81,453.6
262,625,9,123,457.65
262,701,8,136,132.93
263,164,9,132,207.22
263,587,7,135,294.41
263,237,1,90,282.96
263,619,7,191,148.33
264,656,8,147,258.71
264,45,2,117,304.96
264,499,3,100,366.12
264,32,5,2,216.68
264,706,2,25,320.42
264,65,7,70,320.29
264,737,1,192,425.51
265,199,5,133,433.17
265,360,6,45,229.05
265,83,5,124,486.23
265,95,2,99,302.61
265,346,7,192,99.66
265,288,5,131,447.57
265,293,7,41,119.53
266,77,8,74,129.95
266,632,5,65,314.22
266,461,5,4,144.06
266,302,7,81,499.02
267,444,9,137,265.06
267,644,1,96,211.71
267,315,4,161,129.82
268,133,6,148,346.67
268,560,5,53,426.55
268,668,1,183,335.63
268,558,5,71,133.42
268,162,5,111,108.37
268,569,2,46,164.88
268,152,9,42,323.89
269,638,7,39,429.29
269,212,5,2,199.5
269,280,7,117,258.31
269,548,1,150,481.57
269,503,8,98,452.95
270,210,7,34,327.74
270,691,9,146,204.85
270,406,1,39,322.44
271,470,6,139,67.59
271,448,1,33,77.29
272,360,8,136,175.77
272,722,5,20,316.89
272,586,9,51,267.43
273,25,2,200,399.84
273,634,2,61,222.56
273,159,2,4,390.92
273,309,1,1,253.65
273,559,7,43,432.54
273,687,7,164,389.86
274,60,2,2,131.09
274,50,5,53,88.47
274,291,6,11,348.74
274,131,4,111,458.83
274,150,4,9,417.03
274,685,8,19,311.91
274,258,9,17,236.63
274,198,7,90,136.95
275,480,5,125,280.94
275,440,4,131,365.74
275,596,3,16,193.86
275,326,5,148,339.56
275,67,4,20,327.98
276,720,1,14,304.32
277,229,3,3,293.82
277,112,1,62,284.2
277,186,1,111,79.63
277,561,2,139,303.11
277,136,6,189,274.63
277,74,1,172,345.87
278,97,2,153,431.56
278,519,4,76,380.94
279,314,3,108,191.63
279,678,9,146,439.62
279,190,6,144,129.38
279,345,3,39,331.66
279,39,2,169,137.33
280,719,9,151,317.91
280,114,5,91,206.72
280,296,9,171,330.63
281,547,1,62,315.42
282,713,1,67,101.9
282,471,6,86,331.28
282,650,6,89,174.26
282,709,2,62,71.24
282,636,3,135,359.07
282,271,9,42,172.06
282,291,9,116,343.84
283,500,6,71,183.57
283,632,3,140,385.82
283,708,6,104,290.16
284,448,7,143,447.02
284,135,9,56,215.2
284,622,3,21,332.12
284,728,4,80,345.01
284,707,7,115,283.15
284,540,5,3,88.99
284,381,7,95,74.74
284,206,1,150,311.91
284,469,7,139,412.35
285,252,4,102,260.86
285,664,9,187,448.59
285,161,8,126,289.1
285,713,5,146,256.41
285,492,4,143,133.25
286,300,3,23,232.69
286,428,6,141,465.78
286,409,2,174,425.2
286,127,7,35,230.6
286,504,4,151,394.17
286,196,1,42,342.28
286,295,9,153,180.55
286,70,7,126,115.26
286,724,8,148,122.3
287,743,5,6,388.96
287,413,7,179,411.75
287,349,7,52,270.38
287,619,2,146,123.41
287,312,5,161,390.75
287,478,7,108,400.63
288,47,6,30,224.2
288,109,8,84,160.9
288,719,7,189,199.23
289,139,4,67,91.21
289,69,2,198,253.14
290,35,9,158,217.61
290,736,3,71,385.5
290,542,4,59,405.67
291,724,1,181,301.75
291,615,6,97,244.04
291,440,5,29,355.88
291,225,1,161,72.61
291,569,4,121,433.69
292,406,7,58,100.13
292,412,5,32,168.33
292,697,7,31,475.56
292,306,7,196,223.03
293,141,4,200,97.24
293,376,9,120,341.16
293,625,1,135,457.33
293,325,5,12,78.23
293,61,1,188,338.4
293,239,7,10,144.9
293,198,5,3,443.74
294,527,3,106,490.72
294,563,8,166,253.86
294,672,7,132,87.92
295,354,4,66,316.0
295,461,4,174,199.2
295,421,5,129,236.82
295,556,2,200,106.63
295,80,3,185,123.21
295,613,5,15,247.79
295,373,2,63,55.55
295,573,4,80,422.0
295,53,6,120,321.57
295,395,4,118,489.94
296,553,3,172,77.44
296,534,6,167,379.81
296,333,5,179,282.02
296,40,9,58,363.29
296,194,9,174,102.64
296,723,4,42,105.4
296,656,7,50,442.17
297,408,3,133,327.19
297,347,6,7,183.91
297,279,9,96,400.03
298,638,1,7,267.79
298,353,7,46,355.61
298,126,3,200,151.2
298,525,9,12,354.62
298,257,7,24,371.8
298,683,3,173,279.08
298,675,4,138,91.36
298,599,2,158,72.78
298,482,4,107,465.18
298,218,8,135,272.61
299,138,6,187,158.32
299,291,6,143,267.92
299,274,5,163,421.39
299,364,6,167,424.04
299,470,1,163,335.19
299,513,2,109,162.1
299,469,5,36,456.54
300,102,2,22,339.25
300,180,2,3,341.7
300,414,6,46,142.04
301,601,4,112,297.13
301,533,6,187,159.7
301,452,9,142,467.69
301,679,8,108,158.88
301,65,7,96,262.5
301,132,7,109,448.0
302,71,1,199,140.45
302,184,4,21,312.17
303,523,1,164,79.8
303,27,5,175,118.44
303,630,4,107,427.1
303,553,8,4,173.06
303,137,8,48,145.58
303,449,1,40,413.72
303,237,6,121,224.23
303,520,1,197,435.95
303,40,7,106,141.11
304,639,5,112,161.84
304,190,6,49,119.94
304,84,5,200,170.97
305,293,5,140,211.14
306,457,1,138,399.09
306,310,6,199,88.59
306,42,4,44,164.7
306,622,7,58,148.45
306,395,6,71,224.32
306,364,3,50,120.65
307,6,5,192,429.24
307,662,9,110,234.83
307,696,2,129,192.93
307,164,9,147,119.15
307,116,3,183,408.09
307,131,8,164,142.76
307,364,1,55,493.42
307,103,3,119,380.64
307,166,3,193,237.91
307,424,7,19,75.11
308,215,6,7,144.52
308,88,4,26,158.44
308,84,7,185,498.75
308,548,9,21,429.94
309,218,2,115,191.78
309,117,7,105,245.68
309,465,4,14,59.85
309,335,5,157,68.33
309,616,5,11,298.37
309,429,2,84,202.37
309,181,3,49,391.24
309,659,5,89,254.65
310,280,9,110,230.33
310,604,5,47,333.87
310,274,8,172,204.39
310,681,2,153,130.35
310,149,8,23,374.27
311,299,1,173,322.69
311,61,8,94,302.22
311,711,2,2,198.33
312,734,7,48,246.1
312,469,6,50,262.71
312,665,5,182,167.14
312,694,7,94,78.12
313,475,5,165,491.31
313,2,7,159,252.19
313,241,6,137,183.12
314,42,5,173,324.56
314,373,1,102,68.27
314,171,6,124,60.78
314,410,4,127,206.56
315,404,3,99,377.38
316,585,7,28,266.47
316,346,2,27,178.05
317,395,9,64,274.54
317,165,8,100,292.66
317,481,3,167,54.15
317,645,2,101,483.74
317,524,2,3,328.3
317,554,4,64,299.23
318,675,2,137,399.39
318,669,6,171,389.09
319,370,3,148,494.79
319,263,5,120,364.54
319,605,6,194,288.74
319,79,3,31,126.15
319,473,8,137,227.22
319,171,6,55,60.31
319,327,7,161,360.73
319,38,7,46,121.6
319,347,1,136,456.55
320,141,6,148,430.84
320,4,5,6,331.15
320,135,5,148,339.87
320,300,9,68,416.87
320,487,4,65,64.65
320,366,9,102,130.78
320,22,6,122,180.49
320,289,2,49,158.31
321,270,9,125,134.67
322,91,4,24,115.03
322,561,2,78,450.84
322,480,6,95,79.34
322,153,9,166,429.87
322,735,1,124,84.16
322,304,5,4,193.31
322,635,3,132,352.0
323,122,5,86,132.16
323,331,3,162,290.02
323,675,1,48,162.53
323,570,9,190,497.05
323,727,8,40,313.71
323,729,8,185,206.63
324,500,3,140,201.73
325,111,6,61,307.92
325,672,6,15,183.7
325,643,1,164,428.2
325,473,4,121,455.66
325,67,7,81,376.06
325,256,7,180,299.94
325,339,9,25,181.81
325,63,5,118,194.71
326,491,6,78,53.53
326,300,3,27,85.76
326,206,2,160,233.22
326,601,2,137,161.32
326,117,4,139,485.31
326,480,8,4,306.44
326,669,8,82,457.31
326,198,9,21,489.63
327,206,8,116,113.56
327,426,8,60,432.39
327,411,4,169,311.04
328,424,8,34,112.64
328,241,1,54,130.0
328,421,5,102,244.35
328,452,2,21,198.18
328,83,9,183,395.92
328,706,2,17,359.43
329,282,1,97,125.43
329,570,2,143,228.11
329,453,7,198,282.93
329,86,9,135,429.22
329,633,6,7,170.36
330,422,9,140,338.28
330,536,5,154,120.78
331,105,1,78,172.61
331,62,7,39,299.37
331,634,5,150,122.4
331,480,9,163,447.23
331,123,6,157,224.73
331,361,3,57,400.78
331,715,9,143,233.21
331,749,6,93,67.91
331,44,5,162,270.18
331,451,9,149,332.38
332,518,4,84,455.96
332,277,2,184,87.57
332,472,1,178,228.31
333,609,1,4,119.03
333,219,4,126,112.51
333,274,1,147,452.56
333,52,6,125,332.22
333,215,3,85,409.06
333,416,9,75,428.34
333,597,2,52,247.94
333,265,4,17,147.32
333,5,6,126,128.93
333,372,5,2,129.28
334,267,2,83,296.13
334,533,5,179,275.52
334,268,1,181,433.0
334,425,9,85,432.44
334,733,8,112,423.88
334,198,5,20,205.17
334,256,5,192,258.23
334,686,1,192,162.32
334,534,7,13,195.4
335,87,3,27,165.83
335,502,1,16,477.11
335,184,8,110,143.39
335,149,6,192,95.08
335,44,4,74,133.89
335,642,1,140,471.42
336,728,4,74,226.12
336,474,8,34,497.32
336,311,6,107,70.04
336,591,4,61,489.19
337,595,7,41,123.4
337,465,5,37,271.81
337,629,4,118,322.78
337,464,3,42,189.81
337,88,1,135,476.13
338,680,8,156,110.14
338,721,7,13,116.41
339,726,1,159,267.55
340,532,6,53,352.2
340,633,7,71,306.69
340,507,9,143,458.84
340,104,6,132,138.5
340,549,8,66,409.08
340,583,8,40,396.9
341,131,3,33,422.08
341,100,9,166,330.3
342,658,2,196,482.91
342,71,2,193,202.82
342,18,1,21,336.52
342,576,5,167,373.64
342,38,7,46,141.39
342,477,2,137,84.69
342,178,7,46,443.05
343,66,4,198,447.19
343,727,7,85,450.14
343,686,1,19,145.32
343,548,5,11,245.28
343,546,4,97,240.82
344,361,2,159,393.7
344,325,3,181,381.7
344,156,4,147,139.39
344,672,7,129,440.24
344,354,4,52,316.54
344,324,7,167,52.58
344,466,2,170,471.97
345,145,7,55,426.91
345,304,3,32,97.52
345,332,6,136,83.81
345,739,2,100,498.12
345,211,7,110,433.21
345,75,8,27,399.37
345,219,2,189,253.0
345,120,9,1,148.92
346,515,2,46,344.39
346,465,3,198,171.68
346,76,1,4,426.94
346,435,9,97,418.43
346,361,8,20,494.24
346,386,2,47,481.96
346,30,6,200,150.75
346,715,1,74,279.89
347,212,4,34,443.35
347,314,7,6,212.42
347,108,4,92,389.04
347,389,5,192,50.76
347,474,6,10,121.02
347,185,4,30,415.52
347,228,3,66,220.39
347,584,1,79,145.22
347,145,1,58,241.35
348,725,7,115,137.59
348,502,1,161,482.41
348,507,2,198,159.52
348,663,3,153,173.55
348,557,3,3,480.95
348,315,1,83,207.67
349,123,6,188,208.05
349,73,7,169,394.78
349,586,2,126,162.07
349,128,6,17,253.02
349,376,5,28,277.35
349,178,2,40,349.89
349,612,7,106,160.3
349,611,8,129,329.68
349,588,2,198,261.24
350,596,5,8,132.83
350,96,5,172,144.84
350,430,9,172,358.37
350,459,6,124,54.61
351,749,6,190,452.79
351,620,3,134,367.34
351,578,8,133,405.02
351,30,9,97,460.28
351,394,6,126,364.96
351,325,7,13,440.87
351,464,1,114,358.85
351,605,3,136,299.36
351,439,7,119,359.11
351,470,9,200,128.17
352,622,9,95,179.58
352,33,3,138,465.79
352,703,3,30,292.0
352,100,8,31,335.65
352,478,2,144,446.77
352,194,5,154,201.47
352,580,3,150,258.5
352,219,3,61,442.98
353,74,3,9,420.03
353,416,4,123,243.37
353,296,3,13,183.13
353,134,6,82,171.75
354,705,5,125,194.37
354,455,5,122,138.35
354,722,1,24,321.31
354,734,7,110,297.35
354,436,1,32,230.15
354,522,1,35,449.06
355,149,3,115,384.08
356,475,6,70,58.57
356,40,2,67,376.5
356,220,3,92,481.57
356,150,4,127,187.09
356,361,4,71,260.01
356,255,2,125,108.11
356,443,9,102,59.78
357,326,5,96,270.34
358,239,6,172,346.56
358,384,4,53,474.95
358,684,9,176,262.76
358,19,6,139,227.6
359,77,2,163,410.73
359,354,4,98,402.7
359,57,8,67,64.67
359,276,2,118,241.09
359,579,6,132,176.44
360,687,2,122,199.3
360,573,7,63,388.68
360,513,2,141,462.93
360,154,7,57,371.27
360,217,1,115,369.46
360,260,3,96,302.35
361,668,2,188,257.97
361,96,5,79,223.44
362,713,8,28,300.0
362,244,7,142,291.76
362,15,1,56,292.93
362,599,5,156,52.51
362,247,4,92,329.01
363,304,9,14,321.82
363,421,7,129,313.82
363,452,9,88,236.77
363,124,9,77,149.5
363,728,2,135,447.99
363,413,7,76,377.45
363,401,1,180,205.1
364,591,5,125,98.6
364,662,5,140,123.98
364,537,3,34,278.43
364,136,5,122,395.74
364,275,6,188,243.61
364,27,8,19,68.11
364,619,2,97,377.28
364,581,6,100,260.72
364,440,7,110,105.18
365,631,7,194,226.83
366,628,6,144,161.72
366,210,8,196,291.11
366,416,3,43,267.79
366,603,7,111,338.09
366,470,1,144,164.04
366,262,1,103,63.91
366,359,3,89,228.56
366,122,8,52,364.41
366,546,9,65,58.27
367,134,8,129,241.57
367,268,6,195,224.14
367,430,8,193,399.79
367,708,6,120,310.79
367,512,9,101,304.96
368,534,2,168,383.39
368,166,8,174,281.7
368,407,8,70,493.53
368,746,2,109,231.25
368,333,7,119,222.72
368,659,2,108,60.92
368,148,9,87,448.96
368,578,9,118,265.49
369,572,4,177,92.48
369,524,1,142,299.88
369,42,4,44,229.7
369,31,5,134,87.38
370,19,7,21,407.86
370,254,7,94,303.91
370,282,5,138,61.2
370,156,4,43,162.01
370,385,2,121,415.48
370,412,8,134,405.71
370,622,2,83,77.93
370,19,2,27,73.21
371,24,4,93,300.01
371,209,7,94,344.83
371,577,6,109,145.93
371,449,3,187,366.51
371,390,8,92,305.37
371,119,7,23,439.72
372,642,3,41,382.45
372,180,3,127,420.0
372,576,5,109,174.48
372,1,9,97,180.11
372,29,5,111,243.96
372,556,5,30,77.66
372,276,2,99,58.38
373,109,1,141,199.81
373,203,8,127,480.92
373,90,1,137,486.37
373,74,8,166,243.87
373,701,2,17,400.85
373,650,8,123,398.16
373,439,8,114,173.01
374,260,9,77,358.53
374,576,6,26,176.68
374,10,7,17,483.26
374,107,8,28,93.25
375,437,5,145,115.13
375,736,5,86,309.15
376,717,6,159,230.26
376,375,3,86,499.59
376,610,6,61,204.36
376,149,1,59,394.87
376,73,3,143,164.07
376,37,6,49,255.57
376,713,8,33,480.05
377,704,1,86,297.83
377,656,4,90,438.91
377,686,6,64,75.17
377,370,3,33,50.02
377,166,8,165,166.23
377,372,2,184,157.15
377,299,6,78,158.76
377,747,1,68,114.96
377,375,3,102,57.39
378,744,8,46,400.66
378,633,3,120,258.9
378,15,2,5,72.78
379,122,3,85,365.11
379,514,6,94,360.07
379,401,2,38,57.33
379,14,8,107,149.2
379,635,3,122,319.11
379,656,6,32,465.82
379,327,1,107,315.06
379,362,2,117,361.5
379,644,9,194,470.51
380,90,8,185,232.99
380,238,7,177,217.15
380,579,6,87,243.52
380,309,8,60,126.1
380,727,6,65,496.16
380,58,4,5,199.73
380,244,4,197,351.97
380,536,1,97,239.23
380,232,3,195,97.3
381,566,8,105,128.4
382,630,6,114,201.07
382,435,5,162,225.89
383,632,8,183,180.49
383,676,9,171,239.39
383,399,9,104,107.28
383,18,1,106,357.47
383,327,7,91,62.8
383,238,8,21,153.45
384,644,3,22,164.05
384,582,8,48,143.44
384,59,1,146,385.29
384,551,4,118,411.3
384,295,8,87,159.4
384,70,8,163,103.64
384,199,9,196,495.53
384,74,9,113,432.05
384,628,8,10,126.24
385,560,3,177,269.7
385,347,4,91,78.68
386,72,7,176,311.65
386,364,4,24,314.42
386,166,6,15,52.48
386,286,3,25,401.89
386,144,3,90,378.58
387,359,2,10,74.77
387,519,8,90,342.83
387,126,5,99,201.02
387,388,9,130,434.31
388,628,1,108,169.1
388,418,4,96,446.48
388,537,5,68,59.64
388,209,5,48,377.46
388,236,3,129,253.36
388,118,5,161,373.17
388,166,7,136,274.86
388,539,3,136,277.23
389,627,3,8,470.31
389,302,9,34,188.9
389,395,8,195,415.79
389,194,9,150,129.46
389,177,5,62,470.63
390,295,8,7,452.7
390,492,2,48,56.78
390,586,1,161,169.66
391,383,3,188,299.38
391,260,4,115,216.98
391,316,6,180,474.77
392,124,9,200,249.06
392,458,4,2,157.87
392,422,3,136,336.76
392,587,1,127,315.99
392,502,5,22,259.21
393,241,9,8,56.76
393,733,4,41,348.86
393,101,8,185,423.82
393,558,9,20,194.7
393,218,2,22,244.64
393,454,9,75,499.73
393,114,1,98,471.74
394,45,4,40,426.55
394,538,5,70,485.95
394,207,1,122,295.79
394,326,1,116,82.15
394,631,3,25,253.28
394,446,5,3,260.96
394,650,3,57,464.8
394,182,3,96,230.19
394,385,6,178,143.25
394,747,7,131,380.94
395,708,4,122,437.08
395,319,2,17,230.06
395,739,7,182,283.82
395,729,4,64,486.06
395,656,8,43,329.95
395,292,7,80,144.72
395,723,3,72,195.06
395,453,8,148,303.38
395,734,9,80,417.72
396,608,6,35,260.55
396,175,7,50,308.46
396,207,7,111,180.28
396,665,6,197,435.5
396,683,5,10,339.62
397,104,8,149,351.15
397,585,8,122,419.96
398,679,9,140,405.51
398,114,2,113,382.53
398,58,8,51,229.37
398,634,8,170,167.18
399,651,1,14,272.36
399,34,6,46,401.0
399,550,1,7,159.51
399,238,3,40,343.52
399,202,2,159,344.82
400,574,7,90,483.03
400,584,8,69,299.4
400,205,8,6,192.57
401,603,9,163,156.04
401,461,1,19,67.16
401,240,6,62,65.27
401,517,6,127,367.69
401,550,3,143,209.22
401,138,2,139,388.11
401,5,7,181,210.39
401,459,8,103,486.4
401,8,1,62,224.84
402,474,2,29,318.3
402,441,5,64,221.53
402,83,2,180,308.88
402,26,6,128,134.75
402,73,7,164,474.82
402,438,9,51,475.23
402,638,8,96,242.4
403,226,7,165,442.94
403,402,7,194,57.41
403,658,1,34,106.35
403,76,1,11,415.39
403,304,5,9,208.34
404,340,4,144,179.6
404,602,4,64,111.89
404,323,3,123,216.0
405,362,2,43,148.74
405,448,4,113,160.4
405,359,5,65,481.67
405,438,9,79,277.37
405,677,6,185,251.73
405,37,6,135,238.59
405,597,8,34,441.63
406,614,3,110,266.36
406,136,9,39,426.03
407,544,5,109,452.27
407,283,6,96,497.25
407,19,8,102,157.63
407,41,7,107,414.4
408,445,7,47,86.19
408,628,5,140,88.74
408,155,6,144,225.99
408,317,6,21,282.44
408,664,1,170,107.51
408,416,1,101,326.82
408,288,9,182,455.66
408,414,2,43,388.98
408,119,1,18,54.12
409,178,7,133,94.23
409,720,3,53,211.85
409,601,3,82,275.49
409,620,6,178,475.74
409,428,2,16,57.09
409,374,5,44,430.32
409,480,4,61,391.6
410,351,1,158,57.71
410,133,1,93,436.53
410,402,1,149,468.16
410,579,4,114,445.99
410,420,7,119,190.97
410,229,3,154,149.18
411,625,3,55,221.37
411,200,3,142,254.64
411,528,9,147,116.83
411,383,9,148,92.29
412,678,6,175,219.74
412,442,5,2,168.48
412,645,4,4,490.84
413,356,1,179,303.86
413,431,4,151,341.66
413,134,1,20,495.9
413,134,6,119,153.42
413,7,1,168,486.27
413,46,8,107,189.21
413,631,7,94,151.31
413,138,8,138,448.35
414,556,9,173,288.6
414,241,8,39,440.27
414,681,5,161,393.33
414,106,6,54,443.21
414,31,2,35,204.33
414,28,8,114,223.64
414,175,8,78,360.01
414,234,3,44,69.8
415,100,1,127,352.79
415,427,2,16,459.04
415,275,8,86,58.7
415,176,7,149,454.46
415,72,8,78,284.83
416,44,2,13,193.02
416,471,1,20,119.2
417,191,4,80,78.68
417,88,1,172,435.47
417,503,9,37,326.55
417,116,6,21,366.7
417,248,7,185,435.51
417,135,1,139,51.36
417,263,4,181,133.26
417,36,3,33,99.31
418,473,7,160,403.91
418,559,5,160,471.76
418,486,1,137,200.91
419,19,9,15,229.13
419,556,9,62,329.93
419,712,3,191,100.69
419,411,1,148,352.39
420,558,5,96,445.67
420,167,1,45,110.89
420,205,3,109,352.84
420,417,5,147,199.18
420,158,8,61,378.19
421,150,7,191,169.29
421,69,1,19,252.19
421,167,9,136,103.56
422,87,4,146,458.97
422,623,6,200,401.3
422,531,5,161,87.53
422,207,3,52,354.31
422,430,8,192,465.34
422,439,3,111,348.48
422,268,6,79,345.2
422,335,3,34,183.33
422,191,5,156,344.02
423,98,9,15,457.51
423,412,3,52,231.11
423,156,9,196,459.67
423,496,9,109,366.74
423,381,7,125,345.88
423,620,7,194,483.65
423,177,1,190,400.88
423,472,5,163,186.1
423,27,4,78,301.12
423,319,4,135,334.18
424,557,3,100,377.45
424,654,6,123,428.3
424,74,9,36,331.32
424,375,4,68,256.74
424,329,5,21,357.23
425,351,9,168,268.06
425,382,6,71,215.95
425,286,6,54,268.25
425,619,8,67,199.92
425,183,4,123,255.41
425,23,4,168,371.03
426,153,9,40,68.4
427,444,3,185,379.69
428,66,6,55,384.69
428,372,1,30,182.12
428,175,7,14,386.38
428,496,8,46,351.26
428,386,1,30,422.94
428,80,7,38,421.44
428,207,1,138,196.94
428,165,7,181,346.2
428,508,6,107,253.89
428,115,3,198,442.33
429,288,8,54,416.67
429,417,1,146,94.01
429,645,7,73,157.56
429,162,6,29,63.58
429,201,7,191,491.32
429,434,5,71,452.15
429,361,2,129,183.71
430,392,7,187,496.54
430,700,9,115,187.05
430,22,7,102,301.6
430,706,5,174,117.42
430,177,2,161,420.75
431,355,9,69,79.2
432,550,4,42,272.68
432,65,4,158,306.56
432,569,3,5,359.66
432,330,8,153,240.61
432,269,5,150,285.71
432,652,8,90,65.38
433,85,6,120,65.8
434,198,4,31,118.92
434,614,5,26,253.53
434,619,9,125,187.82
434,523,1,190,153.22
434,637,8,62,59.6
434,536,2,77,385.12
434,45,8,42,461.99
434,437,7,97,122.13
435,540,6,139,414.91
435,504,5,110,196.16
435,368,8,165,442.71
435,276,5,5,137.01
436,192,1,129,203.49
436,2,6,10,93.48
436,364,7,200,353.03
436,714,8,133,92.6
437,725,4,109,75.13
437,366,8,171,383.76
437,732,5,5,142.63
437,382,5,33,466.32
437,269,6,56,198.96
437,443,9,39,478.94
437,442,4,162,215.79
437,210,8,19,312.43
437,566,2,170,150.86
438,283,8,180,68.8
438,405,1,81,475.72
439,175,7,187,299.79
439,601,1,46,270.83
439,65,3,162,89.48
439,149,3,77,186.6
439,179,6,192,378.26
439,444,6,183,490.24
439,34,7,162,172.1
439,120,4,49,53.01
440,427,3,193,266.45
440,108,3,47,244.27
440,497,9,33,61.48
440,323,9,198,139.25
440,257,4,9,458.19
440,331,1,67,361.55
441,27,3,72,336.54
441,502,7,106,52.76
441,344,1,194,129.2
441,85,8,189,498.2
441,28,2,52,475.1
442,689,7,147,476.41
442,91,3,182,349.59
443,499,5,27,464.09
443,473,8,78,159.42
443,408,1,34,330.58
444,347,9,125,292.49
444,584,5,85,423.89
445,368,7,92,166.71
445,238,7,94,368.93
445,670,4,50,456.6
445,70,7,189,199.86
445,673,9,31,445.58
445,159,6,169,99.89
445,613,8,105,498.2
445,176,1,1,94.42
445,595,2,97,381.35
445,16,1,33,361.17
446,435,8,15,338.68
446,50,3,100,461.01
446,275,4,186,192.17
446,347,4,145,155.68
446,521,7,135,280.81
447,464,7,17,275.18
447,518,1,69,341.99
447,478,4,138,343.64
447,29,7,167,262.89
447,375,5,182,243.03
448,506,9,162,136.07
448,500,7,24,55.83
449,207,5,115,446.09
449,243,9,119,121.87
449,400,9,50,230.34
449,370,4,2,332.05
449,568,6,142,237.3
450,387,2,129,314.94
450,482,4,9,378.82
450,643,4,111,279.64
450,623,5,79,228.66
451,320,1,188,168.73
451,647,5,61,193.05
451,208,1,116,404.86
452,44,6,166,61.74
452,104,8,147,456.27
452,238,9,175,483.11
452,103,6,117,183.26
452,237,8,64,441.59
452,6,4,45,56.49
452,559,7,24,380.26
453,154,3,78,282.86
453,733,4,42,157.76
453,644,6,109,427.67
454,595,6,11,218.51
454,16,8,23,218.03
454,533,2,171,185.97
454,729,5,159,67.75
454,616,1,21,126.98
454,105,1,95,438.19
454,548,9,2,296.65
455,160,2,102,139.03
455,77,5,62,403.41
455,466,9,132,490.59
455,553,4,189,135.83
455,671,2,104,228.51
455,239,4,146,352.26
455,122,9,155,95.64
455,712,9,186,278.98
455,570,7,116,397.01
456,478,5,41,443.44
456,2,4,117,224.96
456,545,8,177,391.06
456,523,4,25,448.27
456,37,3,157,499.04
456,558,4,33,141.55
456,65,9,74,454.6
457,132,1,92,403.54
457,564,9,31,394.71
457,204,3,191,285.79
457,172,8,82,475.22
457,308,8,200,137.12
457,254,5,128,181.24
457,551,3,1,447.46
458,717,5,197,246.05
458,581,2,154,270.08
458,335,3,67,366.23
458,125,6,11,223.38
458,727,2,34,128.22
459,674,2,33,224.14
459,246,4,57,492.86
459,147,9,99,74.89
459,276,2,48,188.76
459,599,8,129,348.87
459,130,8,8,244.63
459,43,9,11,171.49
459,313,8,177,213.72
459,346,2,119,450.79
459,669,8,132,324.02
460,626,9,110,346.59
460,489,1,69,450.3
460,623,4,103,387.45
460,340,7,60,156.75
461,202,3,124,292.14
461,131,5,147,54.28
461,191,7,92,497.39
461,667,4,24,76.94
461,273,5,199,206.69
461,598,8,3,178.95
461,186,5,154,206.33
461,580,3,151,419.18
461,674,3,131,233.13
461,97,7,112,374.65
462,348,6,13,126.94
462,177,5,113,454.93
463,657,8,167,235.0
463,295,3,144,193.65
463,262,5,187,351.83
463,357,8,87,268.73
463,663,9,40,258.85
463,167,2,189,263.63
463,107,9,21,171.77
463,128,3,27,199.92
463,26,5,112,285.31
463,728,7,111,416.36
464,650,2,149,386.09
464,78,5,9,280.95
464,403,1,44,379.07
464,312,6,64,445.71
465,148,7,34,218.31
465,196,9,97,283.55
465,321,2,72,144.66
465,576,3,187,437.27
465,604,2,23,77.14
465,612,3,110,471.88
465,318,6,53,345.63
465,709,6,23,68.91
466,512,7,83,264.84
466,716,3,58,245.96
466,725,1,86,433.12
467,171,8,49,339.1
467,81,9,69,418.28
467,312,4,142,389.63
467,496,5,62,411.61
467,29,9,150,225.05
467,118,2,20,177.26
467,25,3,74,230.36
468,280,9,92,62.76
468,290,6,118,352.21
468,723,9,155,340.0
468,217,2,82,348.34
468,727,2,194,353.76
469,601,4,132,196.8
469,587,3,26,474.73
469,541,7,115,147.09
469,674,2,113,380.45
469,99,6,50,306.38
469,667,5,55,367.94
469,376,9,149,284.11
469,280,1,143,274.25
469,278,5,141,57.83
470,236,4,76,476.89
470,273,5,12,287.37
470,279,3,44,174.69
470,645,8,98,128.48
470,578,9,47,192.93
470,338,5,109,302.84
470,456,8,155,332.26
470,193,1,71,201.82
470,503,1,119,458.35
471,321,8,152,391.86
471,69,6,102,285.28
471,279,9,58,421.1
471,19,2,47,417.94
471,429,1,7,64.46
472,335,1,84,201.96
472,86,4,106,346.48
472,231,9,177,315.67
472,133,3,54,188.23
472,179,3,189,225.49
472,302,9,150,81.83
472,32,3,145,340.04
473,451,6,53,210.26
474,671,5,110,491.3
474,627,4,125,401.5
474,273,3,180,261.19
474,262,9,114,404.01
474,236,4,93,252.78
474,265,2,178,125.21
474,549,4,84,253.06
475,347,4,98,53.68
475,632,3,56,169.53
475,225,1,149,499.28
475,180,5,79,73.12
475,671,2,50,156.53
475,487,2,177,81.75
475,516,6,122,66.51
475,459,3,37,62.62
475,265,5,184,227.14
475,572,9,175,482.55
476,713,8,55,126.72
476,370,1,179,412.41
476,519,2,97,457.85
476,503,4,126,310.94
476,504,1,150,418.56
476,713,5,36,287.14
476,470,6,80,65.81
476,692,1,138,244.16
477,268,6,158,438.28
478,515,8,85,154.08
478,465,6,46,240.13
478,582,3,156,422.41
478,16,6,154,497.47
478,490,1,56,383.4
479,116,6,153,88.48
480,428,6,159,121.34
480,17,8,63,494.21
480,464,6,190,428.72
480,562,8,71,243.88
480,713,2,135,183.16
480,217,4,196,434.92
480,119,9,110,489.87
480,239,5,53,148.53
480,90,6,37,290.75
481,52,8,23,288.76
482,374,2,129,193.17
482,172,1,101,208.78
482,112,8,148,248.58
482,334,7,112,50.77
482,604,1,108,97.96
482,514,4,63,328.61
482,167,4,37,395.76
482,392,7,58,151.0
482,71,1,148,108.21
482,612,1,195,265.47
483,704,6,157,101.57
483,510,5,191,175.38
484,488,6,160,489.31
484,157,3,180,80.44
484,212,9,182,467.95
484,612,2,128,178.49
484,355,7,50,410.55
484,493,8,130,98.81
484,53,5,48,312.58
484,151,7,42,141.88
484,10,8,136,316.19
484,12,9,112,108.5
485,368,9,23,482.35
485,307,5,77,266.55
485,205,6,27,380.76
485,626,5,157,303.23
485,195,6,86,168.58
485,162,9,95,101.02
485,435,6,54,268.54
485,609,6,49,124.02
485,451,9,136,120.91
486,169,4,167,370.46
487,533,2,65,337.39
487,27,9,53,299.41
488,687,4,25,271.52
488,219,3,14,69.88
488,221,3,72,329.85
488,370,9,65,324.66
488,253,8,76,161.89
488,103,1,8,307.35
488,323,1,46,372.16
488,22,7,116,79.52
488,559,6,27,58.79
488,189,9,195,424.89
489,538,3,1,256.7
489,676,1,70,190.16
489,279,4,74,277.29
489,602,8,182,381.03
489,187,9,14,203.74
489,92,9,193,426.52
489,694,1,161,318.92
490,482,9,18,431.61
490,171,2,178,150.6
490,7,9,112,486.89
490,639,3,28,82.54
490,687,8,16,414.79
491,422,6,2,144.75
491,481,5,51,477.14
491,313,5,168,131.99
491,489,6,15,150.9
492,211,4,164,133.87
492,580,6,66,125.82
492,383,6,89,262.73
492,249,9,47,159.44
493,277,8,108,103.75
493,397,8,64,56.77
494,185,7,141,286.59
495,159,4,24,151.52
495,458,9,199,342.43
496,263,2,147,111.27
496,125,6,150,358.39
496,547,3,184,286.17
497,57,6,173,407.16
497,670,9,35,481.29
497,505,5,122,432.88
497,106,2,162,88.53
497,240,8,29,278.14
497,137,9,197,188.35
497,252,2,98,442.67
497,457,3,178,366.62
498,652,9,196,425.27
498,598,4,38,376.37
499,711,1,144,351.14
499,739,7,80,161.98
499,610,5,124,115.12
499,510,1,7,97.85
499,309,7,20,265.52
499,596,1,110,353.7
500,158,3,97,369.83
500,174,3,95,74.45
500,148,6,109,462.22
500,23,9,170,294.63
501,58,8,168,421.4
502,97,4,154,138.12
502,66,7,129,210.17
502,158,3,39,261.69
502,100,6,13,101.2
502,294,6,152,366.45
502,45,6,96,79.51
502,300,1,61,84.58
502,277,7,118,361.06
502,445,6,49,66.3
503,164,2,142,101.66
503,372,2,170,468.57
503,634,3,47,135.87
503,67,4,67,224.63
503,309,4,94,380.09
504,178,7,33,66.75
504,379,4,14,348.66
504,532,6,7,346.52
504,689,9,129,186.71
504,399,2,145,122.83
504,325,7,84,212.81
505,372,6,25,312.58
505,173,8,69,434.42
505,596,8,57,338.64
505,470,9,41,205.7
505,84,1,91,137.0
505,467,8,6,389.97
505,288,5,166,264.68
505,607,7,194,366.1
506,85,6,58,448.51
507,594,1,173,320.58
507,735,5,90,371.92
507,468,5,67,243.13
507,351,4,186,101.14
507,713,1,26,115.49
507,35,6,192,383.75
508,677,4,124,474.72
508,408,3,21,161.44
508,167,4,165,324.1
508,18,3,76,56.34
508,520,9,179,55.45
508,649,1,31,401.73
508,555,8,199,298.15
508,134,5,45,272.65
508,636,8,72,245.51
509,174,5,36,190.5
509,448,6,39,444.29
509,215,1,112,332.92
509,630,3,28,309.61
509,9,8,159,324.48
509,60,1,63,494.48
509,679,9,158,79.08
510,432,8,100,261.3
510,392,6,195,189.05
510,50,2,127,277.94
510,375,5,109,191.84
510,440,1,193,228.73
510,589,4,5,274.39
510,557,5,29,451.34
510,247,5,165,278.11
511,732,1,113,150.04
511,8,7,200,394.09
511,747,6,121,404.85
511,482,2,141,257.32
511,693,7,164,237.93
512,540,7,138,282.92
512,141,4,115,100.95
512,283,9,122,173.44
512,33,4,11,451.07
512,712,9,80,164.04
512,84,3,17,185.23
512,45,6,82,169.8
512,70,6,8,176.54
512,368,9,129,434.94
512,719,9,71,318.3
513,293,9,18,181.03
513,625,6,109,462.41
513,22,5,62,368.75
513,212,3,151,50.36
513,687,4,181,256.52
513,615,1,101,57.87
513,598,4,111,115.04
513,543,7,39,128.16
514,737,9,157,120.25
514,166,8,114,75.87
514,417,4,93,99.19
514,108,9,122,384.28
514,108,9,35,323.21
514,599,4,34,493.35
514,71,4,113,167.59
514,682,7,122,86.05
514,558,4,99,111.7
514,448,3,130,451.72
515,7,7,45,480.88
515,231,8,96,284.59
515,734,1,27,128.36
515,121,7,40,75.1
515,596,3,25,133.46
515,595,2,192,382.05
515,479,3,156,145.43
515,699,6,41,154.97
515,170,8,129,493.76
515,644,8,163,214.54
516,195,9,54,249.02
516,305,1,179,201.05
516,370,2,37,146.84
516,446,2,69,469.26
516,195,7,42,162.22
516,24,6,163,377.37
516,421,1,196,419.59
516,680,6,86,155.93
516,526,8,12,245.54
516,85,4,169,193.91
517,83,5,104,377.05
517,566,4,97,339.32
517,562,1,112,315.46
518,8,9,200,104.16
518,548,2,188,165.49
518,100,8,159,368.81
519,498,7,55,412.91
519,27,9,124,461.17
519,317,2,25,478.0
519,741,5,114,441.48
519,402,4,122,392.22
519,480,1,34,254.98
519,171,4,123,96.79
519,140,7,155,458.23
520,645,9,51,234.81
520,724,8,59,386.92
520,290,7,159,407.99
520,641,2,7,383.02
520,344,3,126,352.44
520,148,2,2,71.98
520,237,7,73,400.11
520,728,3,43,465.61
521,259,2,198,364.86
521,562,4,92,358.52
521,435,8,72,498.49
521,64,3,71,233.55
521,435,5,75,236.82
521,561,9,5,137.27
521,23,1,172,494.09
521,160,5,60,171.89
522,609,9,75,182.32
522,730,4,123,344.55
523,551,1,151,64.4
523,157,6,170,215.47
523,649,3,119,121.59
523,660,2,108,258.43
523,546,2,40,403.54
523,393,9,67,297.61
523,711,4,152,498.32
523,402,7,3,91.87
523,471,9,67,447.63
523,386,1,81,120.76
524,150,2,124,207.85
524,255,4,41,135.77
524,406,7,176,419.93
524,139,6,48,415.13
524,500,3,115,321.63
525,732,1,147,303.97
525,230,1,159,225.62
525,94,1,45,463.01
525,10,3,164,283.75
525,23,4,88,442.32
526,559,5,110,349.16
526,649,2,16,330.27
526,676,7,186,430.2
527,282,2,13,255.47
527,114,4,145,323.95
528,347,3,196,155.78
528,612,6,2,180.55
528,26,3,55,433.32
528,319,6,164,390.95
528,418,3,77,474.36
528,608,4,85,290.76
528,445,8,96,264.11
528,251,1,148,374.06
529,173,4,12,147.28
529,114,1,58,268.05
529,80,9,126,397.82
530,255,1,55,281.9
530,356,1,184,245.27
530,704,8,172,226.99
530,7,3,7,190.64
530,164,8,39,218.94
530,237,3,85,316.62
530,672,1,122,191.16
530,479,5,177,336.58
531,191,9,165,298.31
531,271,1,109,305.64
531,135,5,119,110.36
532,515,6,163,264.43
532,537,9,128,251.2
532,77,3,48,247.07
533,599,7,157,370.51
533,668,2,73,357.1
533,536,7,33,233.6
533,32,6,162,356.2
533,619,7,34,383.55
533,453,2,119,407.16
533,633,1,12,85.09
533,430,3,123,416.01
533,687,6,37,493.61
534,18,9,29,313.82
534,494,2,42,76.29
534,401,1,77,445.44
534,692,7,5,276.75
535,632,4,127,205.69
535,66,4,177,415.99
535,296,2,89,100.48
535,393,3,151,117.82
535,659,3,145,214.62
535,701,3,148,70.89
535,33,5,146,198.32
535,376,2,195,387.43
535,366,3,49,201.81
536,376,2,47,457.98
536,655,1,121,382.47
536,383,6,40,354.23
536,4,5,33,172.94
536,174,4,200,306.89
536,230,3,87,452.86
536,333,3,98,415.79
537,336,6,186,476.17
537,101,7,105,92.44
537,399,5,195,192.67
537,698,3,125,364.29
537,508,9,97,119.31
537,459,5,113,276.26
537,282,4,29,427.17
537,99,2,58,424.92
537,30,5,2,401.37
538,492,8,68,437.29
539,34,3,6,352.24
539,269,1,162,257.1
539,435,2,33,106.75
539,481,6,12,299.7
539,37,6,53,322.0
539,476,1,129,474.46
539,477,7,29,274.65
539,190,2,187,334.16
539,487,2,195,307.74
540,201,2,63,133.35
540,568,8,91,417.69
541,46,6,55,103.28
541,448,9,116,369.63
542,23,2,66,180.14
542,64,6,65,181.46
542,46,4,196,355.11
542,339,9,6,405.23
542,508,5,101,455.82
542,683,8,16,443.29
542,299,8,120,369.88
543,43,1,75,134.05
543,149,7,10,350.57
543,709,7,30,99.23
543,662,2,132,99.75
543,490,1,56,445.55
543,395,8,163,230.16
544,71,3,198,303.46
544,694,4,94,181.09
544,657,7,184,429.56
545,40,9,78,204.86
545,419,3,46,494.43
545,309,5,166,280.77
545,155,2,97,148.35
545,284,4,117,176.03
545,724,9,132,101.53
545,510,3,115,255.64
545,110,5,171,135.36
546,9,8,130,205.46
547,271,5,189,493.84
547,67,3,90,88.6
548,336,7,174,423.34
548,461,5,92,409.07
548,634,8,147,498.1
548,47,6,157,352.03
549,193,7,103,82.14
549,710,9,159,373.24
549,251,9,129,368.36
549,339,1,141,294.13
549,56,5,21,444.07
549,749,3,103,170.84
549,514,1,199,185.92
549,607,4,12,239.87
550,744,2,63,324.39
550,222,9,105,152.07
550,361,6,189,386.71
550,728,7,59,232.79
551,380,3,8,261.94
551,274,2,89,241.63
551,156,2,137,406.36
551,414,1,33,95.71
551,215,2,53,62.1
551,7,5,63,72.75
551,136,6,49,459.93
551,595,5,39,67.08
551,687,6,118,410.86
552,402,4,141,179.06
552,507,4,118,308.93
553,502,6,88,475.34
553,196,5,182,268.78
553,644,6,88,464.38
553,523,7,165,455.47
553,448,8,151,214.34
553,314,8,20,444.59
554,459,3,147,53.92
554,475,1,3,499.03
554,283,6,29,90.93
554,664,7,39,86.25
554,156,9,53,214.81
554,163,8,193,97.91
554,300,6,81,97.08
554,633,6,119,355.97
555,726,1,13,161.06
555,51,4,16,390.63
556,100,7,143,230.28
556,247,8,39,71.49
557,634,7,191,358.2
557,198,3,80,457.43
557,663,2,24,286.35
557,509,9,3,372.8
558,683,8,176,419.26
559,588,4,146,384.64
559,116,6,171,160.35
559,41,5,158,212.28
559,237,7,73,257.12
560,560,9,43,311.69
560,282,8,160,210.37
561,492,3,114,189.48
561,684,7,66,325.32
561,36,6,131,277.35
561,456,3,31,479.8
561,473,4,15,437.7
561,285,3,59,238.45
562,138,2,19,486.25
562,656,1,97,105.79
562,593,9,51,205.72
562,182,9,30,283.77
562,384,6,150,474.53
562,573,5,199,186.52
562,259,7,101,469.06
562,357,5,155,360.16
562,653,3,60,268.42
563,597,3,118,217.05
563,314,8,103,257.41
563,237,5,199,252.5
564,419,9,179,487.8
564,693,3,110,331.61
564,302,1,73,423.65
564,65,3,132,177.45
565,176,8,95,236.72
565,739,1,46,100.15
565,717,8,110,106.94
566,717,7,184,187.71
566,310,6,139,146.78
566,489,7,97,466.71
566,271,6,190,486.59
566,626,2,173,281.95
566,606,3,172,476.36
566,360,8,96,421.2
566,123,8,4,459.86
566,605,4,110,359.72
567,272,3,190,254.48
567,490,5,63,193.0
567,642,6,60,376.84
567,262,5,153,100.9
567,118,6,125,436.2
568,345,9,33,300.27
568,606,9,50,102.74
568,370,7,9,96.12
568,600,5,151,391.54
568,59,5,87,88.64
568,152,8,12,386.5
568,533,3,72,125.16
568,687,4,188,112.59
568,30,3,50,468.59
569,168,1,38,463.15
569,666,4,107,256.42
569,598,7,53,472.13
569,411,2,44,469.89
569,251,7,101,160.99
569,740,9,53,215.41
570,358,7,50,487.12
570,433,1,67,106.2
570,223,9,12,66.19
570,183,8,159,266.8
570,304,2,180,69.43
570,586,7,102,290.54
570,368,4,197,351.74
570,85,1,24,171.64
570,724,3,52,386.32
570,491,2,61,483.62
571,318,7,22,118.54
571,41,1,43,146.18
571,22,7,114,298.09
571,314,8,56,299.54
572,477,6,112,138.96
572,533,5,71,498.45
572,168,9,194,360.79
573,477,1,186,235.37
573,409,5,185,464.13
573,236,9,191,324.39
573,78,1,4,365.92
573,443,7,130,434.96
573,203,6,103,80.08
573,746,9,34,164.56
573,105,5,67,251.59
573,12,3,125,72.72
574,487,2,164,315.88
574,164,2,189,310.08
574,410,9,111,433.16
574,68,2,50,266.59
574,395,6,61,273.27
574,169,8,5,289.3
575,324,7,176,120.16
575,142,8,183,489.39
576,198,3,11,175.09
576,686,6,16,260.75
576,412,5,65,66.49
576,561,5,4,240.34
576,551,3,10,139.1
576,176,5,7,248.4
577,334,8,72,271.12
577,641,6,93,228.66
577,60,7,127,395.02
577,659,2,20,221.77
577,32,3,52,56.6
577,46,6,179,231.72
577,431,9,88,113.41
578,567,7,14,373.58
578,710,4,79,95.07
578,149,8,160,462.62
578,605,8,149,290.52
578,146,2,197,132.57
578,19,3,8,72.83
578,348,3,57,168.32
579,219,7,200,54.58
579,277,1,95,227.91
579,78,5,180,135.12
579,310,8,115,118.67
579,532,8,136,163.56
580,624,1,161,95.86
580,632,1,33,346.82
581,83,4,162,204.17
581,427,1,148,400.38
581,166,6,6,472.53
582,501,4,116,218.78
582,26,7,199,300.74
582,157,5,22,450.36
582,26,5,174,285.61
582,431,2,106,106.6
582,446,7,151,180.69
583,650,9,196,470.31
583,287,8,13,69.04
584,642,4,182,191.06
584,641,7,117,170.81
584,618,1,180,266.91
584,598,2,42,387.37
584,481,9,54,225.25
585,371,8,47,131.48
585,468,7,102,276.75
585,238,7,1,270.47
585,738,6,183,94.93
585,746,1,127,405.86
585,115,7,100,481.84
586,482,8,110,101.03
586,314,3,195,321.3
587,561,7,63,114.58
588,457,9,109,61.7
588,459,6,168,449.72
589,482,9,48,112.23
589,171,1,69,55.27
589,294,9,57,330.95
590,546,7,35,459.61
590,8,4,134,310.26
590,105,8,20,322.05
590,389,7,144,266.2
591,663,2,106,316.84
592,384,4,126,250.11
592,388,6,45,374.9
593,664,6,72,358.15
593,531,7,102,228.59
593,706,7,61,127.7
593,742,3,102,293.31
593,442,1,65,188.88
593,54,2,105,429.23
593,161,6,61,398.97
594,142,2,80,55.74
594,368,5,149,65.61
594,478,8,24,203.77
594,6,5,143,319.17
594,637,8,77,193.97
594,569,4,30,378.91
594,89,1,168,343.14
594,124,6,178,164.14
595,54,5,103,192.77
595,144,1,25,382.1
595,118,6,56,278.32
595,571,6,82,175.91
595,84,6,121,443.12
595,135,9,134,207.91
595,390,6,83,451.92
595,501,8,144,130.42
595,176,1,124,479.62
596,472,2,124,328.27
596,103,7,169,324.79
596,57,3,167,376.29
596,119,5,145,229.47
597,64,1,173,454.39
597,567,3,26,365.06
597,719,3,35,322.1
597,378,9,7,398.31
597,675,3,105,320.92
597,101,1,189,476.85
597,394,8,91,332.63
597,604,9,49,209.3
597,11,9,38,252.48
597,48,6,121,121.82
598,28,6,153,370.02
598,54,1,81,360.34
598,285,9,88,178.77
598,535,1,54,50.35
598,615,4,130,400.5
598,42,4,75,365.59
598,175,2,2,396.87
599,378,2,72,395.93
599,520,9,59,323.72
600,693,1,175,126.44
600,94,3,19,318.05
600,616,9,137,381.69
600,318,7,164,146.01
600,490,2,187,367.5
600,577,4,48,65.27
600,366,9,196,278.35
600,590,2,198,152.37
600,615,4,176,269.97
600,278,5,162,83.83
601,165,5,14,179.05
601,156,7,35,231.97
601,516,4,165,203.36
601,198,5,120,52.25
602,541,9,182,208.02
602,332,2,39,176.42
602,491,4,167,415.48
602,606,1,16,221.56
602,644,8,66,439.56
602,291,9,177,241.75
603,381,1,44,380.58
603,175,8,179,311.26
603,215,3,19,485.68
604,163,6,97,423.51
604,448,1,153,89.96
604,240,8,18,74.07
605,340,2,23,255.48
605,77,8,111,429.46
605,627,4,2,75.81
605,619,4,113,442.96
605,503,5,186,199.92
606,95,9,6,436.21
606,288,1,9,394.61
606,262,4,61,214.8
606,465,1,115,192.78
606,572,4,59,280.24
606,611,1,66,393.21
606,453,2,137,418.4
606,22,8,170,179.09
606,148,3,110,218.32
607,396,9,141,68.3
607,537,1,163,167.13
607,667,8,74,467.87
607,574,4,145,186.3
607,659,6,151,453.77
607,264,1,10,357.16
607,278,7,187,438.18
608,198,1,133,209.37
608,335,8,190,374.44
608,408,9,189,212.47
608,295,3,40,68.41
608,70,9,45,309.33
609,455,8,124,162.33
609,665,3,13,306.17
609,521,4,165,157.93
609,393,5,118,199.03
609,142,8,79,333.8
609,505,8,175,178.43
609,238,3,39,98.87
609,697,3,16,50.01
609,331,4,8,410.56
609,29,4,144,279.36
610,31,6,82,488.35
610,646,5,50,104.46
610,604,8,164,210.88
610,156,5,139,390.82
610,200,1,109,257.42
610,422,6,104,497.17
610,205,6,35,74.44
611,368,8,54,216.19
611,51,7,46,404.15
611,196,4,87,83.54
611,94,2,190,208.52
611,195,8,98,138.9
611,18,3,176,308.78
611,163,6,75,83.19
611,76,7,166,146.28
612,82,4,88,280.32
612,27,8,66,160.69
612,80,1,47,118.28
612,425,2,26,461.24
612,290,6,164,176.9
612,126,4,62,276.91
612,674,8,69,240.7
612,358,8,25,450.8
612,610,5,57,394.29
613,700,4,55,449.06
613,398,2,5,236.87
613,301,9,155,109.5
613,646,1,168,364.07
613,339,4,200,104.68
613,183,1,83,159.3
613,267,4,68,379.95
613,155,1,29,231.28
613,467,9,101,364.64
613,332,9,127,243.45
614,170,7,70,214.4
614,527,6,118,135.41
614,588,2,195,152.44
614,643,2,90,68.3
614,699,2,187,496.51
614,651,2,136,427.56
614,59,3,57,405.45
614,81,7,112,263.9
614,497,8,49,468.9
614,54,6,8,180.57
615,195,8,62,198.8
616,83,7,73,345.67
616,161,4,11,436.67
616,230,7,112,264.25
617,269,1,109,465.12
617,55,6,199,87.98
617,626,6,75,322.68
617,98,7,119,275.27
618,87,4,183,465.19
618,156,6,151,113.21
618,293,5,199,94.57
618,166,4,161,490.52
619,304,4,127,129.27
619,138,6,150,236.71
619,266,6,146,160.45
619,238,8,104,164.52
620,632,6,101,314.58
620,461,2,47,288.59
620,466,6,103,407.23
620,538,8,75,426.38
620,181,1,157,369.9
620,644,7,37,149.59
620,357,3,161,230.42
620,391,3,194,458.5
621,517,8,167,462.41
621,449,2,128,182.53
621,85,1,123,382.2
621,31,1,143,157.09
621,668,6,1,108.59
621,631,6,143,429.32
621,435,3,20,119.82
621,155,2,84,441.56
621,261,7,196,422.45
621,329,1,21,267.17
622,105,8,6,353.17
622,400,5,75,420.3
622,201,2,61,65.99
622,421,4,111,67.31
622,36,1,6,278.38
623,36,3,148,124.08
623,466,9,33,376.35
623,369,2,161,358.53
623,712,3,97,135.71
624,418,2,155,430.2
624,58,2,31,453.93
624,543,7,55,345.65
624,427,9,53,385.95
624,295,1,101,249.59
624,125,1,76,118.15
625,604,3,115,489.51
625,698,6,19,438.07
625,127,6,135,103.34
625,495,5,88,436.23
625,370,5,101,69.16
625,414,5,19,246.95
625,714,3,137,231.1
625,140,6,107,328.83
625,627,7,13,124.37
626,733,4,175,158.48
626,268,1,84,241.28
626,431,7,104,340.54
627,218,1,49,175.24
627,243,6,187,270.23
627,383,3,107,417.76
627,385,6,169,104.73
627,72,1,181,271.07
627,425,6,198,449.4
627,604,7,18,305.18
627,504,9,107,227.35
627,532,7,8,471.5
628,689,5,22,492.85
628,456,5,89,162.87
628,247,6,104,301.42
628,58,8,100,472.13
628,236,2,191,469.27
628,112,3,90,488.52
628,631,9,23,137.96
628,207,2,54,468.98
629,72,2,43,212.65
629,12,8,172,136.84
629,240,9,21,305.13
630,44,7,66,413.45
630,553,4,125,131.78
631,107,9,83,278.62
631,715,6,52,259.49
631,612,8,92,164.38
631,699,1,174,74.29
631,177,5,175,202.31
631,51,9,177,331.37
631,6,3,15,370.48
631,528,4,102,363.45
631,167,4,169,126.33
632,148,3,52,390.28
633,697,5,108,433.02
633,354,5,152,169.62
633,618,5,172,154.92
633,225,3,57,392.28
633,222,7,111,323.96
633,493,9,188,126.49
633,659,5,43,363.46
633,724,5,150,191.11
633,336,6,43,205.06
633,437,8,187,306.98
634,434,8,11,489.11
635,493,8,170,464.0
635,137,6,192,73.56
635,17,6,18,193.2
635,197,7,21,301.96
635,590,5,13,369.19
635,269,7,114,157.22
635,345,2,100,447.5
635,513,9,54,172.78
635,450,9,177,55.51
635,416,2,90,107.67
636,177,8,133,50.36
636,538,1,97,464.72
636,202,4,98,270.24
637,500,3,192,325.79
637,526,9,59,398.25
637,336,7,146,442.44
637,420,3,176,496.72
637,545,9,173,330.35
637,181,9,89,430.52
638,397,5,80,272.34
638,123,7,75,348.59
638,535,3,5,147.09
638,237,4,186,82.96
638,125,2,176,425.76
638,167,1,53,348.42
638,501,8,30,189.74
639,648,8,31,391.07
639,71,8,197,183.74
639,266,7,95,310.81
640,286,8,136,50.9
640,169,5,150,229.15
640,64,8,107,91.04
640,476,1,39,277.33
640,123,7,90,357.21
640,277,8,109,206.07
640,231,4,2,421.74
640,684,6,24,431.17
640,630,9,112,317.99
641,136,9,6,170.78
641,650,5,91,430.5
641,50,8,65,459.13
641,374,7,50,357.53
642,377,4,103,447.19
642,13,9,1,130.97
642,366,4,84,138.45
642,293,8,56,239.87
642,145,6,70,318.16
642,396,3,55,168.41
642,250,9,86,149.92
642,634,3,117,452.78
642,547,1,42,495.37
643,744,9,7,291.38
643,498,2,16,75.79
643,660,4,82,228.11
644,489,8,52,479.93
644,20,4,180,259.36
644,175,1,145,128.46
644,44,9,143,147.12
644,187,7,183,131.41
644,717,1,166,337.92
644,699,1,4,483.46
644,363,8,71,316.46
644,143,1,66,404.55
645,377,1,194,182.58
645,369,3,113,211.63
645,94,7,25,142.3
645,5,8,52,108.74
645,78,8,156,343.39
645,250,7,142,261.0
645,328,2,178,497.55
645,549,6,9,348.7
645,649,9,89,267.5
646,667,3,146,193.41
646,660,3,54,385.14
646,217,4,65,85.47
646,163,9,7,129.82
646,406,4,124,480.02
646,231,1,98,379.62
646,672,5,139,319.24
646,648,7,66,340.83
646,676,4,7,57.34
647,28,1,57,170.51
647,305,3,110,353.27
647,616,3,79,232.39
647,37,6,88,274.68
647,588,2,16,400.82
647,63,8,107,107.34
647,119,9,95,225.28
647,411,5,69,426.7
647,393,2,81,210.9
647,65,2,167,354.38
648,244,6,120,388.95
648,68,2,72,143.37
648,330,9,60,141.97
648,300,5,131,461.59
648,707,7,93,112.74
649,166,2,59,364.68
649,111,6,183,331.5
649,184,2,169,329.77
650,368,4,73,103.85
650,507,6,1,233.27
650,350,9,167,194.81
650,171,9,17,475.09
650,222,9,194,82.68
651,300,4,33,454.93
651,24,7,12,56.77
652,676,6,140,151.38
653,652,5,9,366.07
653,540,3,79,144.51
653,42,7,43,223.97
653,204,2,188,143.08
654,534,2,52,262.63
654,419,5,139,110.39
654,466,1,55,81.75
654,547,2,78,263.32
654,641,8,45,426.94
654,525,8,139,179.87
654,579,7,85,202.8
654,349,3,78,220.88
655,507,2,125,265.32
655,337,9,40,301.74
656,362,7,121,284.4
656,519,5,185,293.06
656,435,8,186,460.35
657,308,5,165,216.56
657,589,5,172,324.56
657,469,3,23,333.2
658,10,5,142,466.72
659,703,5,162,99.61
659,249,2,169,152.79
659,219,1,129,66.71
660,508,7,92,118.88
660,476,9,15,279.21
660,76,2,137,232.7
660,500,7,40,214.19
660,100,4,137,185.5
660,64,3,141,496.98
660,434,7,41,425.76
661,13,5,168,237.1
661,501,5,45,392.22
661,440,7,56,353.05
662,512,9,96,216.57
662,8,5,127,59.32
663,21,7,149,380.64
663,358,7,130,407.18
663,373,1,14,182.69
663,657,1,10,236.98
663,714,9,113,327.23
664,389,6,116,391.08
664,697,3,16,73.5
664,132,2,8,60.66
664,283,5,68,385.99
664,657,6,101,312.07
664,739,2,200,102.32
664,109,6,38,195.8
665,62,4,62,291.2
665,222,7,28,363.98
665,276,7,136,377.34
665,723,1,175,433.23
666,333,8,37,78.1
666,414,3,156,319.66
667,641,5,87,475.55
667,656,3,40,452.45
667,748,1,178,93.53
667,481,1,105,158.09
667,691,2,91,367.08
667,108,5,133,436.05
667,268,1,166,231.38
667,300,2,74,462.07
668,36,5,170,275.28
668,609,5,76,495.89
668,669,8,87,181.13
668,186,8,179,303.15
668,440,4,163,294.99
668,269,2,140,297.97
668,677,4,27,452.39
668,399,5,27,238.6
668,279,3,116,73.58
669,259,4,64,318.27
669,442,5,149,154.51
669,529,3,9,453.1
670,284,7,93,259.22
670,502,6,182,188.4
670,627,3,64,423.26
670,130,7,142,442.85
671,364,1,18,222.36
671,307,7,2,444.96
672,450,9,32,334.88
672,631,9,47,445.53
672,8,3,199,330.58
672,677,2,169,279.77
672,677,3,101,473.22
673,224,8,99,433.79
673,503,4,70,107.54
674,26,5,197,150.04
674,696,5,167,214.21
674,700,9,36,92.0
675,134,2,153,110.0
675,360,9,156,262.71
675,487,2,118,253.12
675,572,5,188,275.89
675,704,4,168,132.32
675,189,1,43,208.6
675,294,6,17,453.11
675,55,9,55,256.26
675,640,8,191,267.11
676,307,2,167,350.25
676,33,8,61,472.51
676,352,9,95,62.79
676,315,5,70,496.76
676,269,5,77,110.08
676,639,7,143,469.73
677,621,1,144,74.9
677,183,1,84,481.92
677,143,6,177,418.82
677,217,4,144,144.37
677,733,2,144,185.78
677,516,3,126,127.46
678,315,1,72,182.82
678,608,3,184,440.68
678,391,4,29,362.66
678,676,1,58,351.15
679,377,6,35,450.49
680,63,3,102,428.02
680,507,9,78,283.67
680,51,9,37,54.59
681,103,9,158,282.71
681,527,1,147,226.9
681,121,3,168,306.88
682,14,3,50,137.75
682,702,9,194,79.43
682,450,7,135,247.96
682,689,1,59,176.44
682,104,1,107,481.71
683,595,8,86,460.39
683,238,6,162,209.18
683,153,1,19,271.07
683,211,4,121,176.16
683,274,8,83,145.65
683,478,3,40,394.45
683,476,7,197,473.71
683,551,9,42,393.69
683,356,1,38,149.58
684,513,9,107,432.14
684,539,4,6,57.93
684,30,7,81,483.57
684,701,2,72,477.95
684,252,1,177,300.31
684,59,4,40,472.27
684,139,1,57,398.78
684,261,7,155,50.7
684,407,8,181,59.17
684,144,9,96,304.0
685,235,9,178,449.27
685,343,5,17,269.83
685,97,1,57,376.09
685,115,5,75,351.82
685,477,8,62,94.23
685,321,8,45,163.83
685,198,6,130,434.01
686,292,5,6,419.63
686,316,9,160,460.46
686,611,6,192,470.27
686,587,5,40,496.33
686,593,2,17,456.33
686,12,2,124,465.12
686,311,7,178,456.52
686,390,9,171,313.16
686,14,2,133,225.88
686,37,6,147,188.97
687,396,8,28,288.37
687,628,1,107,354.37
688,27,3,88,62.08
689,56,9,189,425.68
689,631,4,75,384.95
689,324,3,100,172.13
689,153,9,142,57.48
690,736,4,5,499.24
690,444,8,42,114.51
690,724,9,170,297.61
690,574,3,22,433.41
690,258,3,20,397.62
690,674,7,166,217.47
690,482,2,40,65.26
690,720,2,124,85.78
690,58,6,182,81.24
690,514,5,120,212.22
691,383,6,126,110.73
691,734,1,71,81.17
691,646,6,106,385.28
691,732,1,191,253.53
691,483,4,189,199.63
692,124,2,11,100.2
693,39,8,146,69.44
693,7,3,19,348.93
693,168,1,47,84.67
693,597,1,11,446.98
693,615,4,78,429.68
693,696,2,177,280.01
693,160,9,182,497.45
693,450,4,163,261.93
693,50,4,38,221.72
694,93,4,64,464.03
694,497,8,175,267.72
694,341,6,169,426.45
694,55,5,9,150.04
694,46,5,148,154.22
694,235,5,92,106.3
694,448,5,62,307.35
694,366,7,192,344.12
695,72,6,149,319.14
695,33,5,129,295.21
695,575,1,74,62.79
695,473,9,129,430.46
695,749,4,129,112.76
695,648,7,45,462.51
695,645,3,178,484.89
695,434,5,28,152.17
695,351,4,17,314.18
695,484,4,159,241.52
696,262,4,145,223.67
696,328,1,12,426.07
696,463,1,38,119.72
696,68,1,109,158.14
696,54,8,35,419.73
696,428,1,20,373.66
696,749,7,148,489.44
697,602,9,30,72.48
697,672,3,61,235.95
697,556,5,61,219.94
697,124,1,9,418.19
697,387,2,87,322.29
697,72,2,169,383.18
698,654,3,22,65.37
698,305,1,99,68.74
698,45,2,145,82.67
698,18,3,57,255.73
698,407,6,55,74.38
698,184,7,1,109.33
698,341,1,38,345.42
698,463,2,165,246.99
698,544,6,46,462.86
698,140,6,164,440.1
699,560,6,176,115.98
699,351,8,17,392.27
699,471,1,67,381.5
699,541,6,133,297.28
699,33,2,152,217.64
699,627,4,176,465.26
699,465,4,182,104.37
699,337,2,177,288.82
699,359,3,144,447.24
700,315,6,151,457.94
700,338,1,57,200.7
700,76,3,197,191.39
700,702,3,110,234.77
700,575,8,174,132.68
700,396,1,179,209.52
700,40,2,87,220.19
700,203,7,1,246.75
700,82,2,74,495.42
701,496,4,16,60.39
701,494,9,193,289.49
701,64,2,132,226.3
701,687,2,98,120.64
702,308,8,16,493.59
702,391,9,52,145.67
702,525,6,65,81.82
702,235,5,190,58.5
702,572,2,148,476.43
702,123,7,60,119.8
703,516,7,27,455.21
703,425,8,121,311.37
703,612,5,198,498.82
704,595,3,130,221.16
704,254,9,22,69.07
704,722,5,7,485.61
704,403,9,41,144.35
704,172,3,27,297.84
704,8,7,100,320.47
704,208,4,159,196.74
705,90,7,170,349.2
705,170,8,185,492.82
705,367,8,195,481.79
705,582,2,200,217.32
705,610,1,156,214.6
705,418,3,147,243.03
705,683,2,174,134.65
705,506,4,173,357.22
706,537,8,180,377.95
706,222,3,54,200.25
706,72,7,21,221.56
706,325,2,106,94.38
707,331,5,135,157.64
707,390,3,178,106.01
707,221,3,36,405.24
707,687,3,139,164.67
707,266,9,194,346.98
707,633,7,145,445.37
707,364,8,18,288.32
707,680,7,158,87.52
707,266,9,193,275.31
707,333,2,161,326.87
708,450,3,192,221.02
708,533,3,39,53.27
708,442,2,66,119.86
708,704,1,120,178.6
708,661,8,191,72.15
708,470,1,103,321.39
708,481,8,200,184.53
708,35,4,135,382.6
708,688,8,41,310.76
709,713,6,187,119.63
709,460,9,31,382.89
709,43,6,120,152.64
709,669,6,172,148.98
709,616,9,17,417.25
709,514,6,138,115.63
710,90,7,87,369.14
710,582,3,29,252.11
710,280,9,122,128.52
711,468,6,73,164.99
711,550,9,194,328.71
711,685,9,79,217.58
711,49,2,112,344.92
712,368,8,90,488.39
712,73,8,31,267.49
712,43,8,172,429.32
712,246,2,150,422.63
712,114,7,33,458.2
713,708,5,54,325.03
713,40,5,176,223.5
714,444,5,97,168.59
714,9,6,121,499.78
715,273,5,76,357.05
716,179,2,100,466.02
716,287,8,78,242.39
717,440,3,132,212.78
717,655,8,148,63.46
717,6,7,132,118.32
717,22,7,177,67.7
717,183,6,37,169.32
718,436,9,92,354.75
718,300,4,158,316.17
718,216,5,60,271.15
718,550,5,177,410.71
718,118,5,175,180.26
719,408,2,91,463.8
719,267,5,128,355.85
719,576,2,186,497.55
719,577,9,91,430.82
719,334,4,72,79.48
719,84,5,146,291.9
719,333,8,101,281.65
719,694,8,78,402.63
720,537,5,73,439.41
720,507,8,101,442.41
720,65,4,107,73.14
720,182,5,69,473.62
720,572,7,117,318.92
720,23,4,5,243.93
721,300,7,9,242.46
721,328,2,107,209.09
721,526,9,199,187.34
721,472,7,74,393.82
721,516,3,94,461.08
721,742,1,43,353.91
721,549,3,52,379.52
721,75,7,52,156.96
721,622,6,40,480.91
721,149,4,191,122.57
722,223,4,186,491.37
723,174,6,72,346.06
723,277,4,26,127.42
723,242,1,167,175.66
723,227,7,148,323.29
723,94,1,10,270.32
723,28,2,44,230.86
723,342,8,85,374.45
724,534,1,162,310.17
724,239,6,169,97.27
725,286,2,60,366.11
725,448,2,19,388.34
725,151,4,162,173.06
725,163,2,27,281.19
725,454,2,69,80.07
726,647,4,29,178.06
726,74,8,186,485.7
726,65,8,35,203.55
726,657,3,76,350.71
726,450,2,36,429.36
726,258,9,54,376.11
727,418,2,133,223.66
727,90,6,13,315.88
728,738,2,52,417.03
728,673,9,50,482.25
728,576,4,149,482.61
728,137,4,168,352.2
728,16,2,15,160.69
728,609,5,184,161.84
728,292,2,174,138.51
728,635,9,157,462.6
729,15,9,8,202.5
729,264,3,109,388.61
730,638,5,121,213.06
730,671,6,91,432.74
730,734,8,40,412.11
730,639,9,112,226.7
730,23,2,27,312.37
730,745,1,25,175.35
730,92,1,130,195.72
731,102,7,128,135.38
731,585,2,48,101.48
731,414,2,94,482.58
731,604,2,81,321.68
731,638,9,15,175.01
731,398,2,124,256.61
731,582,1,10,426.93
731,37,8,61,306.73
732,316,1,182,303.02
732,435,7,113,465.8
732,317,3,172,462.3
732,380,1,7,81.54
732,297,9,12,279.3
732,494,7,170,260.05
732,651,8,113,439.34
732,167,9,89,59.83
732,220,2,76,277.29
733,390,4,105,351.39
733,737,3,84,188.24
733,57,7,98,439.12
733,618,1,159,184.08
734,418,4,14,66.44
734,471,7,116,254.02
734,236,2,173,281.18
734,51,3,122,117.17
735,18,1,90,133.57
736,55,6,60,247.09
736,184,2,16,59.81
736,535,9,3,262.38
737,608,1,175,261.05
738,188,6,145,305.29
738,536,6,73,181.72
739,90,2,48,306.05
739,228,8,24,489.39
739,671,3,156,146.36
739,745,1,48,406.79
739,399,2,157,441.7
739,652,5,146,325.01
739,303,9,82,120.08
739,304,6,4,53.52
739,175,8,39,427.65
740,497,9,27,459.48
740,325,5,132,385.16
740,684,5,167,50.81
740,18,9,149,238.3
740,579,1,3,162.92
740,660,1,156,61.32
740,167,8,114,356.5
740,64,4,177,98.14
741,132,6,54,311.27
742,283,4,147,112.37
742,181,8,83,124.69
742,55,3,164,273.52
742,443,5,160,260.87
742,179,2,99,186.02
742,474,9,5,83.88
742,538,3,118,309.66
742,676,2,20,441.26
743,225,3,191,60.12
743,669,7,156,62.82
743,572,4,157,391.45
743,487,8,137,353.04
743,146,5,103,129.84
743,439,5,141,477.71
743,718,3,164,244.91
743,336,2,181,109.55
744,81,5,80,109.23
744,347,1,170,76.73
744,184,9,147,153.55
744,582,7,64,100.68
744,47,1,69,355.58
744,162,7,177,76.09
744,625,8,186,232.06
745,114,9,128,289.2
745,37,2,16,296.91
745,621,6,156,470.62
745,76,6,124,168.92
745,109,5,102,195.79
746,393,6,32,441.46
746,250,4,35,342.3
746,316,6,47,275.31
746,366,8,27,463.21
746,420,3,48,176.18
746,446,3,51,461.4
747,290,1,23,53.89
747,6,5,114,243.99
747,358,7,56,458.34
747,555,8,61,241.72
747,430,3,10,100.38
747,341,5,134,354.49
747,84,2,151,431.02
748,647,9,111,248.27
748,736,9,108,275.06
748,73,6,135,111.94
748,739,9,8,277.64
748,317,3,169,131.53
748,668,5,170,493.38
748,734,8,174,329.34
748,570,1,53,269.06
748,523,4,88,474.05
748,200,2,1,146.4
749,399,5,179,299.52
749,720,7,89,278.09
749,561,3,86,219.2
749,56,6,85,225.71
749,386,1,115,67.22
749,610,6,69,326.83
749,490,8,110,298.25
749,97,4,47,151.78
749,400,3,56,461.29
